Date,Time,Temperature,Dew Point,Humidity,Wind,Wind Speed,Wind Gust,Pressure,Precip.,Condition
2025-04-01,12:52 AM,34 °F,25 °F,70 %,CALM,0 mph,0 mph,29.15 in,0.0 in,Fair
2025-04-01,1:52 AM,34 °F,24 °F,67 %,E,8 mph,0 mph,29.13 in,0.0 in,Fair
2025-04-01,2:52 AM,34 °F,25 °F,70 %,E,13 mph,0 mph,29.13 in,0.0 in,Fair
2025-04-01,3:52 AM,33 °F,26 °F,75 %,E,13 mph,0 mph,29.11 in,0.0 in,Fair
2025-04-01,4:52 AM,33 °F,27 °F,78 %,E,16 mph,0 mph,29.11 in,0.0 in,Fair
2025-04-01,5:52 AM,32 °F,27 °F,82 %,ESE,13 mph,0 mph,29.12 in,0.0 in,Fair
2025-04-01,6:52 AM,32 °F,28 °F,85 %,ESE,15 mph,0 mph,29.11 in,0.0 in,Fair
2025-04-01,7:52 AM,34 °F,29 °F,82 %,ESE,16 mph,0 mph,29.12 in,0.0 in,Fair
2025-04-01,8:52 AM,0 °F,0 °F,0 %,,0 mph,0 mph,29.12 in,0.0 in,N/A
2025-04-01,9:52 AM,37 °F,30 °F,76 %,ESE,21 mph,25 mph,29.10 in,0.0 in,Fair / Windy
2025-04-01,10:52 AM,40 °F,31 °F,70 %,ESE,21 mph,28 mph,29.08 in,0.0 in,Fair / Windy
2025-04-01,11:52 AM,43 °F,31 °F,62 %,ESE,20 mph,28 mph,29.06 in,0.0 in,Mostly Cloudy
2025-04-01,12:52 PM,44 °F,31 °F,60 %,SE,18 mph,28 mph,29.07 in,0.0 in,Cloudy
2025-04-01,1:52 PM,45 °F,31 °F,58 %,SE,22 mph,30 mph,29.03 in,0.0 in,Fair / Windy
2025-04-01,2:52 PM,45 °F,31 °F,58 %,ESE,22 mph,33 mph,28.98 in,0.0 in,Cloudy / Windy
2025-04-01,3:52 PM,46 °F,30 °F,54 %,E,26 mph,36 mph,28.91 in,0.0 in,Mostly Cloudy / Windy
2025-04-01,4:52 PM,46 °F,29 °F,51 %,ESE,24 mph,39 mph,28.88 in,0.0 in,Cloudy / Windy
2025-04-01,5:52 PM,45 °F,28 °F,52 %,ESE,31 mph,48 mph,28.80 in,0.0 in,Mostly Cloudy / Windy
2025-04-01,6:52 PM,44 °F,26 °F,49 %,E,26 mph,37 mph,28.82 in,0.0 in,Cloudy / Windy
2025-04-01,7:52 PM,42 °F,31 °F,65 %,ESE,16 mph,30 mph,28.84 in,0.0 in,Light Rain
2025-04-01,8:07 PM,42 °F,31 °F,65 %,ESE,18 mph,0 mph,28.84 in,0.0 in,Light Rain with Thunder
2025-04-01,8:27 PM,42 °F,32 °F,67 %,ESE,20 mph,29 mph,28.83 in,0.0 in,Cloudy
2025-04-01,8:52 PM,43 °F,32 °F,65 %,ESE,21 mph,30 mph,28.83 in,0.0 in,Cloudy / Windy
2025-04-01,9:52 PM,44 °F,33 °F,65 %,ESE,21 mph,30 mph,28.81 in,0.0 in,Cloudy / Windy
2025-04-01,10:52 PM,44 °F,35 °F,71 %,E,21 mph,30 mph,28.77 in,0.0 in,Cloudy / Windy
2025-04-01,11:52 PM,45 °F,36 °F,71 %,ESE,21 mph,30 mph,28.76 in,0.0 in,Cloudy / Windy
2025-04-02,12:52 AM,46 °F,37 °F,71 %,ESE,23 mph,37 mph,28.70 in,0.0 in,Cloudy / Windy
2025-04-02,1:52 AM,46 °F,37 °F,71 %,ESE,20 mph,31 mph,28.64 in,0.0 in,Mostly Cloudy
2025-04-02,2:52 AM,46 °F,39 °F,76 %,ESE,22 mph,35 mph,28.59 in,0.0 in,Light Rain / Windy
2025-04-02,3:26 AM,45 °F,40 °F,82 %,E,17 mph,25 mph,28.59 in,0.0 in,T-Storm
2025-04-02,3:52 AM,44 °F,42 °F,93 %,ESE,14 mph,0 mph,28.61 in,0.1 in,Heavy T-Storm
2025-04-02,4:00 AM,44 °F,42 °F,93 %,ESE,13 mph,0 mph,28.62 in,0.1 in,Heavy T-Storm
2025-04-02,4:09 AM,44 °F,42 °F,93 %,E,8 mph,0 mph,28.62 in,0.2 in,Heavy Rain
2025-04-02,4:18 AM,45 °F,42 °F,90 %,E,25 mph,33 mph,28.58 in,0.2 in,T-Storm / Windy
2025-04-02,4:25 AM,44 °F,42 °F,93 %,E,17 mph,33 mph,28.59 in,0.2 in,T-Storm
2025-04-02,4:32 AM,44 °F,42 °F,93 %,E,21 mph,26 mph,28.57 in,0.2 in,T-Storm / Windy
2025-04-02,4:49 AM,45 °F,43 °F,93 %,E,21 mph,29 mph,28.53 in,0.2 in,Rain / Windy
2025-04-02,4:52 AM,44 °F,42 °F,93 %,E,18 mph,29 mph,28.54 in,0.2 in,Rain
2025-04-02,5:01 AM,44 °F,42 °F,93 %,E,17 mph,24 mph,28.56 in,0.0 in,T-Storm
2025-04-02,5:12 AM,44 °F,42 °F,93 %,E,21 mph,29 mph,28.53 in,0.1 in,Heavy T-Storm / Windy
2025-04-02,5:26 AM,44 °F,43 °F,96 %,ESE,16 mph,25 mph,28.58 in,0.1 in,T-Storm
2025-04-02,5:33 AM,44 °F,43 °F,96 %,E,15 mph,25 mph,28.57 in,0.2 in,Heavy T-Storm
2025-04-02,5:41 AM,44 °F,43 °F,96 %,E,18 mph,25 mph,28.55 in,0.2 in,Heavy T-Storm
2025-04-02,5:48 AM,45 °F,43 °F,93 %,E,17 mph,0 mph,28.55 in,0.2 in,T-Storm
2025-04-02,5:52 AM,44 °F,43 °F,96 %,E,22 mph,26 mph,28.54 in,0.2 in,Rain / Windy
2025-04-02,6:07 AM,44 °F,43 °F,96 %,E,17 mph,0 mph,28.55 in,0.1 in,Heavy Rain
2025-04-02,6:20 AM,44 °F,43 °F,96 %,E,18 mph,0 mph,28.55 in,0.1 in,Rain
2025-04-02,6:44 AM,44 °F,43 °F,96 %,E,21 mph,30 mph,28.52 in,0.1 in,Light Rain / Windy
2025-04-02,6:52 AM,44 °F,43 °F,96 %,E,20 mph,0 mph,28.50 in,0.1 in,Light Rain
2025-04-02,7:19 AM,45 °F,44 °F,97 %,E,15 mph,25 mph,28.53 in,0.0 in,Light Rain
2025-04-02,7:52 AM,45 °F,44 °F,97 %,ESE,29 mph,41 mph,28.47 in,0.1 in,Light Rain / Windy
2025-04-02,8:15 AM,45 °F,44 °F,97 %,ESE,33 mph,47 mph,28.38 in,0.0 in,Light Rain / Windy
2025-04-02,8:27 AM,45 °F,44 °F,97 %,ESE,29 mph,46 mph,28.39 in,0.0 in,Mostly Cloudy / Windy
2025-04-02,8:52 AM,46 °F,44 °F,93 %,ESE,25 mph,35 mph,28.38 in,0.0 in,Mostly Cloudy / Windy
2025-04-02,9:23 AM,47 °F,46 °F,97 %,SE,17 mph,26 mph,28.38 in,0.0 in,Fair
2025-04-02,9:52 AM,50 °F,48 °F,93 %,SE,15 mph,29 mph,28.39 in,0.0 in,Mostly Cloudy
2025-04-02,10:28 AM,52 °F,49 °F,89 %,SSE,10 mph,0 mph,28.41 in,0.0 in,Cloudy
2025-04-02,10:47 AM,52 °F,50 °F,94 %,S,13 mph,0 mph,28.42 in,0.0 in,Cloudy
2025-04-02,10:52 AM,53 °F,50 °F,89 %,SSE,23 mph,33 mph,28.43 in,0.0 in,Cloudy / Windy
2025-04-02,11:16 AM,55 °F,53 °F,93 %,S,13 mph,24 mph,28.41 in,0.0 in,Cloudy
2025-04-02,11:52 AM,59 °F,55 °F,87 %,S,17 mph,26 mph,28.40 in,0.0 in,Cloudy
2025-04-02,11:56 AM,58 °F,55 °F,90 %,S,18 mph,26 mph,28.40 in,0.0 in,Cloudy
2025-04-02,12:05 PM,59 °F,55 °F,87 %,SSE,22 mph,29 mph,28.36 in,0.0 in,Mostly Cloudy / Windy
2025-04-02,12:49 PM,63 °F,57 °F,82 %,S,21 mph,37 mph,28.37 in,0.0 in,Mostly Cloudy / Windy
2025-04-02,12:52 PM,63 °F,57 °F,81 %,S,22 mph,35 mph,28.37 in,0.0 in,Mostly Cloudy / Windy
2025-04-02,1:52 PM,67 °F,59 °F,76 %,SSW,23 mph,35 mph,28.41 in,0.0 in,Partly Cloudy / Windy
2025-04-02,2:52 PM,69 °F,57 °F,65 %,SSW,23 mph,36 mph,28.40 in,0.0 in,Partly Cloudy / Windy
2025-04-02,3:52 PM,71 °F,50 °F,47 %,SW,29 mph,43 mph,28.38 in,0.0 in,Partly Cloudy / Windy
2025-04-02,4:52 PM,70 °F,51 °F,51 %,W,32 mph,45 mph,28.40 in,0.0 in,Fair / Windy
2025-04-02,5:52 PM,64 °F,49 °F,58 %,W,28 mph,41 mph,28.47 in,0.0 in,Fair / Windy
2025-04-02,6:52 PM,58 °F,45 °F,62 %,WSW,16 mph,32 mph,28.56 in,0.0 in,Fair
2025-04-02,7:52 PM,53 °F,45 °F,74 %,WSW,9 mph,0 mph,28.59 in,0.0 in,Fair
2025-04-02,8:52 PM,51 °F,43 °F,74 %,W,15 mph,0 mph,28.58 in,0.0 in,Fair
2025-04-02,9:52 PM,50 °F,43 °F,77 %,W,17 mph,0 mph,28.61 in,0.0 in,Mostly Cloudy
2025-04-02,10:52 PM,50 °F,41 °F,71 %,W,15 mph,0 mph,28.67 in,0.0 in,Cloudy
2025-04-02,11:52 PM,48 °F,41 °F,77 %,W,12 mph,0 mph,28.72 in,0.0 in,Cloudy
2025-04-03,12:13 AM,48 °F,41 °F,77 %,W,14 mph,0 mph,28.74 in,0.0 in,Cloudy
2025-04-03,12:20 AM,48 °F,39 °F,71 %,W,22 mph,30 mph,28.75 in,0.0 in,Cloudy / Windy
2025-04-03,12:52 AM,46 °F,39 °F,76 %,WNW,15 mph,0 mph,28.77 in,0.0 in,Cloudy
2025-04-03,1:52 AM,42 °F,35 °F,76 %,W,10 mph,0 mph,28.80 in,0.0 in,Fair
2025-04-03,2:52 AM,39 °F,33 °F,79 %,W,10 mph,0 mph,28.83 in,0.0 in,Fair
2025-04-03,3:52 AM,39 °F,32 °F,76 %,W,13 mph,0 mph,28.87 in,0.0 in,Fair
2025-04-03,4:52 AM,40 °F,34 °F,79 %,W,20 mph,26 mph,28.91 in,0.0 in,Fair
2025-04-03,5:52 AM,38 °F,32 °F,79 %,WNW,17 mph,0 mph,28.94 in,0.0 in,Mostly Cloudy
2025-04-03,6:52 AM,37 °F,31 °F,79 %,WNW,21 mph,31 mph,28.98 in,0.0 in,Cloudy / Windy
2025-04-03,7:52 AM,38 °F,31 °F,76 %,WNW,23 mph,31 mph,29.01 in,0.0 in,Cloudy / Windy
2025-04-03,8:52 AM,40 °F,31 °F,70 %,NW,24 mph,32 mph,29.03 in,0.0 in,Mostly Cloudy / Windy
2025-04-03,9:08 AM,40 °F,31 °F,70 %,WNW,24 mph,36 mph,29.03 in,0.0 in,Partly Cloudy / Windy
2025-04-03,9:52 AM,42 °F,32 °F,67 %,WNW,21 mph,29 mph,29.05 in,0.0 in,Partly Cloudy / Windy
2025-04-03,10:52 AM,44 °F,32 °F,63 %,WNW,16 mph,24 mph,29.10 in,0.0 in,Partly Cloudy
2025-04-03,10:55 AM,44 °F,32 °F,63 %,WNW,17 mph,0 mph,29.10 in,0.0 in,Mostly Cloudy
2025-04-03,11:37 AM,45 °F,32 °F,60 %,W,14 mph,24 mph,29.13 in,0.0 in,Mostly Cloudy
2025-04-03,11:52 AM,46 °F,32 °F,58 %,WNW,16 mph,0 mph,29.13 in,0.0 in,Partly Cloudy
2025-04-03,12:52 PM,48 °F,33 °F,56 %,WNW,17 mph,0 mph,29.12 in,0.0 in,Fair
2025-04-03,1:52 PM,51 °F,34 °F,52 %,W,14 mph,22 mph,29.13 in,0.0 in,Fair
2025-04-03,2:52 PM,51 °F,34 °F,52 %,VAR,6 mph,0 mph,29.13 in,0.0 in,Fair
2025-04-03,3:52 PM,53 °F,35 °F,50 %,WNW,15 mph,18 mph,29.12 in,0.0 in,Fair
2025-04-03,4:52 PM,52 °F,35 °F,53 %,NW,10 mph,0 mph,29.12 in,0.0 in,Fair
2025-04-03,5:52 PM,51 °F,34 °F,52 %,NNW,9 mph,0 mph,29.13 in,0.0 in,Fair
2025-04-03,6:52 PM,50 °F,35 °F,57 %,NNW,9 mph,0 mph,29.16 in,0.0 in,Fair
2025-04-03,7:52 PM,47 °F,34 °F,61 %,WNW,5 mph,0 mph,29.18 in,0.0 in,Fair
2025-04-03,8:52 PM,45 °F,34 °F,65 %,N,9 mph,0 mph,29.19 in,0.0 in,Fair
2025-04-03,9:52 PM,42 °F,34 °F,73 %,NNE,10 mph,0 mph,29.19 in,0.0 in,Fair
2025-04-03,10:52 PM,42 °F,34 °F,73 %,NNE,7 mph,0 mph,29.22 in,0.0 in,Fair
2025-04-03,11:52 PM,42 °F,34 °F,73 %,NNE,7 mph,0 mph,29.25 in,0.0 in,Fair
2025-04-04,12:52 AM,41 °F,33 °F,73 %,NE,10 mph,0 mph,29.27 in,0.0 in,Fair
2025-04-04,1:52 AM,38 °F,32 °F,79 %,NNE,7 mph,0 mph,29.27 in,0.0 in,Fair
2025-04-04,2:52 AM,37 °F,32 °F,82 %,N,6 mph,0 mph,29.28 in,0.0 in,Fair
2025-04-04,3:52 AM,37 °F,32 °F,82 %,NE,9 mph,0 mph,29.27 in,0.0 in,Fair
2025-04-04,4:52 AM,37 °F,32 °F,82 %,NE,9 mph,0 mph,29.27 in,0.0 in,Fair
2025-04-04,5:52 AM,36 °F,31 °F,82 %,E,8 mph,0 mph,29.27 in,0.0 in,Fair
2025-04-04,6:52 AM,35 °F,31 °F,85 %,ENE,6 mph,0 mph,29.30 in,0.0 in,Fair
2025-04-04,7:52 AM,38 °F,33 °F,83 %,E,7 mph,0 mph,29.33 in,0.0 in,Fair
2025-04-04,8:52 AM,40 °F,34 °F,79 %,E,9 mph,0 mph,29.31 in,0.0 in,Fair
2025-04-04,9:52 AM,44 °F,35 °F,71 %,E,9 mph,0 mph,29.30 in,0.0 in,Fair
2025-04-04,10:52 AM,45 °F,35 °F,68 %,ESE,13 mph,0 mph,29.31 in,0.0 in,Fair
2025-04-04,11:52 AM,46 °F,36 °F,68 %,SE,10 mph,0 mph,29.33 in,0.0 in,Mostly Cloudy
2025-04-04,12:52 PM,48 °F,36 °F,63 %,ESE,12 mph,0 mph,29.27 in,0.0 in,Mostly Cloudy
2025-04-04,1:52 PM,48 °F,36 °F,63 %,ENE,9 mph,0 mph,29.27 in,0.0 in,Cloudy
2025-04-04,2:52 PM,47 °F,39 °F,74 %,ESE,9 mph,0 mph,29.30 in,0.0 in,Light Rain
2025-04-04,3:52 PM,48 °F,39 °F,71 %,ENE,8 mph,0 mph,29.23 in,0.0 in,Cloudy
2025-04-04,4:52 PM,48 °F,40 °F,74 %,ENE,10 mph,0 mph,29.21 in,0.0 in,Mostly Cloudy
2025-04-04,5:52 PM,48 °F,40 °F,74 %,NE,9 mph,0 mph,29.20 in,0.0 in,Cloudy
2025-04-04,6:52 PM,47 °F,40 °F,77 %,NNE,10 mph,0 mph,29.16 in,0.0 in,Cloudy
2025-04-04,7:52 PM,47 °F,39 °F,74 %,NNE,12 mph,0 mph,29.17 in,0.0 in,Cloudy
2025-04-04,8:52 PM,47 °F,38 °F,71 %,NNE,12 mph,0 mph,29.16 in,0.0 in,Cloudy
2025-04-04,9:52 PM,47 °F,37 °F,68 %,N,12 mph,0 mph,29.18 in,0.0 in,Cloudy
2025-04-04,10:52 PM,47 °F,38 °F,71 %,N,9 mph,0 mph,29.18 in,0.0 in,Cloudy
2025-04-04,11:52 PM,46 °F,38 °F,73 %,N,7 mph,0 mph,29.19 in,0.0 in,Cloudy
2025-04-05,12:52 AM,45 °F,38 °F,76 %,NNW,9 mph,0 mph,29.18 in,0.0 in,Cloudy
2025-04-05,1:52 AM,45 °F,38 °F,76 %,NNW,10 mph,0 mph,29.17 in,0.0 in,Cloudy
2025-04-05,3:52 AM,43 °F,37 °F,80 %,NNW,10 mph,0 mph,29.19 in,0.0 in,Cloudy
2025-04-05,4:52 AM,43 °F,36 °F,76 %,NNW,15 mph,0 mph,29.16 in,0.0 in,Partly Cloudy
2025-04-05,5:52 AM,41 °F,37 °F,86 %,NNW,14 mph,0 mph,29.17 in,0.0 in,Fair
2025-04-05,6:52 AM,39 °F,35 °F,86 %,NNW,17 mph,0 mph,29.22 in,0.0 in,Fair
2025-04-05,7:28 AM,39 °F,35 °F,86 %,NNW,20 mph,26 mph,29.23 in,0.0 in,Mostly Cloudy
2025-04-06,12:52 AM,31 °F,21 °F,67 %,NNW,8 mph,0 mph,29.26 in,0.0 in,Fair
2025-04-06,1:52 AM,32 °F,21 °F,64 %,NNW,8 mph,0 mph,29.27 in,0.0 in,Fair
2025-04-06,2:52 AM,32 °F,21 °F,64 %,N,10 mph,0 mph,29.26 in,0.0 in,Fair
2025-04-06,3:52 AM,29 °F,20 °F,69 %,N,6 mph,0 mph,29.25 in,0.0 in,Fair
2025-04-06,4:52 AM,25 °F,18 °F,75 %,NW,7 mph,0 mph,29.26 in,0.0 in,Fair
2025-04-06,5:52 AM,26 °F,18 °F,71 %,NW,7 mph,0 mph,29.25 in,0.0 in,Fair
2025-04-06,6:52 AM,27 °F,19 °F,72 %,NNW,3 mph,0 mph,29.25 in,0.0 in,Fair
2025-04-06,7:52 AM,29 °F,21 °F,72 %,NW,3 mph,0 mph,29.26 in,0.0 in,Fair
2025-04-06,8:52 AM,36 °F,23 °F,59 %,NNW,6 mph,0 mph,29.26 in,0.0 in,Fair
2025-04-06,9:52 AM,42 °F,21 °F,43 %,NNE,7 mph,0 mph,29.25 in,0.0 in,Fair
2025-04-06,10:52 AM,44 °F,21 °F,40 %,CALM,0 mph,0 mph,29.25 in,0.0 in,Fair
2025-04-06,11:52 AM,46 °F,20 °F,35 %,CALM,0 mph,0 mph,29.23 in,0.0 in,Fair
2025-04-06,12:52 PM,48 °F,19 °F,32 %,CALM,0 mph,0 mph,29.20 in,0.0 in,Fair
2025-04-06,1:52 PM,51 °F,19 °F,28 %,NNW,5 mph,0 mph,29.18 in,0.0 in,Fair
2025-04-06,2:52 PM,53 °F,20 °F,27 %,NNW,10 mph,0 mph,29.15 in,0.0 in,Fair
2025-04-06,3:52 PM,54 °F,21 °F,28 %,NW,7 mph,0 mph,29.12 in,0.0 in,Fair
2025-04-06,4:52 PM,55 °F,22 °F,28 %,WNW,13 mph,17 mph,29.10 in,0.0 in,Fair
2025-04-06,5:52 PM,55 °F,23 °F,29 %,WNW,10 mph,0 mph,29.08 in,0.0 in,Fair
2025-04-06,6:52 PM,52 °F,24 °F,34 %,W,12 mph,0 mph,29.07 in,0.0 in,Fair
2025-04-06,7:52 PM,43 °F,24 °F,47 %,SW,7 mph,0 mph,29.06 in,0.0 in,Fair
2025-04-06,8:52 PM,41 °F,25 °F,53 %,SSW,8 mph,0 mph,29.04 in,0.0 in,Fair
2025-04-06,9:52 PM,42 °F,26 °F,53 %,SSW,9 mph,0 mph,29.03 in,0.0 in,Fair
2025-04-06,10:52 PM,41 °F,26 °F,55 %,SW,9 mph,0 mph,29.01 in,0.0 in,Fair
2025-04-06,11:52 PM,42 °F,25 °F,51 %,SSW,10 mph,0 mph,28.99 in,0.0 in,Fair
2025-04-07,12:52 AM,41 °F,26 °F,55 %,SW,13 mph,0 mph,28.97 in,0.0 in,Fair
2025-04-07,1:52 AM,41 °F,26 °F,55 %,SW,15 mph,0 mph,28.94 in,0.0 in,Fair
2025-04-07,2:52 AM,41 °F,26 °F,55 %,SW,13 mph,0 mph,28.93 in,0.0 in,Mostly Cloudy
2025-04-07,3:52 AM,39 °F,26 °F,60 %,W,13 mph,0 mph,28.94 in,0.0 in,Fair
2025-04-07,4:52 AM,38 °F,27 °F,65 %,WNW,13 mph,0 mph,28.94 in,0.0 in,Fair
2025-04-07,5:52 AM,37 °F,28 °F,70 %,NW,14 mph,0 mph,28.95 in,0.0 in,Fair
2025-04-07,6:52 AM,37 °F,27 °F,67 %,NNW,18 mph,25 mph,28.98 in,0.0 in,Fair
2025-04-07,7:52 AM,36 °F,24 °F,62 %,N,21 mph,31 mph,29.02 in,0.0 in,Fair / Windy
2025-04-07,8:52 AM,37 °F,23 °F,57 %,N,22 mph,31 mph,29.05 in,0.0 in,Fair / Windy
2025-04-07,9:52 AM,37 °F,18 °F,46 %,NNW,21 mph,31 mph,29.08 in,0.0 in,Fair / Windy
2025-04-07,10:52 AM,39 °F,17 °F,41 %,N,22 mph,30 mph,29.10 in,0.0 in,Fair / Windy
2025-04-07,11:52 AM,41 °F,17 °F,38 %,N,18 mph,33 mph,29.11 in,0.0 in,Fair
2025-04-07,12:52 PM,42 °F,17 °F,37 %,N,20 mph,35 mph,29.11 in,0.0 in,Fair
2025-04-07,1:52 PM,44 °F,18 °F,35 %,N,18 mph,29 mph,29.11 in,0.0 in,Fair
2025-04-07,2:52 PM,44 °F,17 °F,34 %,NNW,20 mph,29 mph,29.11 in,0.0 in,Fair
2025-04-07,3:52 PM,45 °F,16 °F,31 %,N,17 mph,28 mph,29.12 in,0.0 in,Fair
2025-04-07,4:52 PM,44 °F,16 °F,32 %,N,13 mph,24 mph,29.12 in,0.0 in,Fair
2025-04-07,5:52 PM,44 °F,16 °F,32 %,NNE,15 mph,24 mph,29.13 in,0.0 in,Partly Cloudy
2025-04-07,6:52 PM,42 °F,14 °F,32 %,N,15 mph,0 mph,29.14 in,0.0 in,Fair
2025-04-07,7:52 PM,38 °F,15 °F,39 %,NNW,9 mph,0 mph,29.15 in,0.0 in,Fair
2025-04-07,8:52 PM,35 °F,15 °F,44 %,N,7 mph,0 mph,29.17 in,0.0 in,Fair
2025-04-07,9:52 PM,33 °F,16 °F,50 %,N,10 mph,0 mph,29.19 in,0.0 in,Fair
2025-04-07,10:52 PM,34 °F,15 °F,46 %,N,8 mph,0 mph,29.20 in,0.0 in,Fair
2025-04-07,11:52 PM,33 °F,15 °F,48 %,N,9 mph,0 mph,29.21 in,0.0 in,Fair
2025-04-08,12:52 AM,31 °F,16 °F,54 %,NNE,10 mph,0 mph,29.21 in,0.0 in,Fair
2025-04-08,1:52 AM,31 °F,15 °F,52 %,NE,10 mph,0 mph,29.22 in,0.0 in,Fair
2025-04-08,2:52 AM,28 °F,15 °F,58 %,ENE,6 mph,0 mph,29.22 in,0.0 in,Fair
2025-04-08,3:52 AM,27 °F,15 °F,61 %,ENE,6 mph,0 mph,29.22 in,0.0 in,Fair
2025-04-08,4:52 AM,28 °F,15 °F,58 %,NE,5 mph,0 mph,29.24 in,0.0 in,Fair
2025-04-08,5:52 AM,27 °F,15 °F,61 %,NE,3 mph,0 mph,29.25 in,0.0 in,Fair
2025-04-08,6:52 AM,24 °F,15 °F,69 %,CALM,0 mph,0 mph,29.27 in,0.0 in,Fair
2025-04-08,7:52 AM,30 °F,19 °F,64 %,CALM,0 mph,0 mph,29.28 in,0.0 in,Fair
2025-04-08,8:52 AM,33 °F,16 °F,50 %,SE,8 mph,0 mph,29.29 in,0.0 in,Fair
2025-04-08,9:52 AM,36 °F,14 °F,41 %,SE,7 mph,0 mph,29.28 in,0.0 in,Fair
2025-04-08,10:52 AM,39 °F,14 °F,36 %,VAR,5 mph,0 mph,29.28 in,0.0 in,Fair
2025-04-08,11:52 AM,41 °F,12 °F,31 %,SW,8 mph,0 mph,29.26 in,0.0 in,Fair
2025-04-08,12:52 PM,42 °F,12 °F,29 %,S,6 mph,0 mph,29.24 in,0.0 in,Fair
2025-04-08,1:52 PM,46 °F,15 °F,29 %,SSE,9 mph,0 mph,29.21 in,0.0 in,Fair
2025-04-08,2:52 PM,47 °F,15 °F,28 %,S,8 mph,0 mph,29.19 in,0.0 in,Smoke
2025-04-08,3:52 PM,48 °F,14 °F,26 %,S,12 mph,0 mph,29.15 in,0.0 in,Fair
2025-04-08,4:52 PM,49 °F,16 °F,27 %,SSE,9 mph,0 mph,29.14 in,0.0 in,Fair
2025-04-08,5:52 PM,49 °F,16 °F,27 %,S,8 mph,0 mph,29.11 in,0.0 in,Fair
2025-04-08,6:52 PM,48 °F,18 °F,30 %,S,8 mph,0 mph,29.10 in,0.0 in,Fair
2025-04-08,7:52 PM,43 °F,19 °F,38 %,SE,8 mph,0 mph,29.10 in,0.0 in,Fair
2025-04-08,8:52 PM,37 °F,20 °F,50 %,ESE,9 mph,0 mph,29.10 in,0.0 in,Fair
2025-04-08,9:52 PM,37 °F,22 °F,54 %,ESE,9 mph,0 mph,29.11 in,0.0 in,Fair
2025-04-08,10:52 PM,37 °F,23 °F,57 %,SE,5 mph,0 mph,29.12 in,0.0 in,Fair
2025-04-08,11:52 PM,36 °F,24 °F,62 %,E,7 mph,0 mph,29.11 in,0.0 in,Fair
2025-04-09,12:52 AM,37 °F,25 °F,62 %,ESE,6 mph,0 mph,29.10 in,0.0 in,Fair
2025-04-09,1:52 AM,41 °F,25 °F,53 %,SE,9 mph,0 mph,29.08 in,0.0 in,Fair
2025-04-09,2:52 AM,41 °F,26 °F,55 %,SE,10 mph,0 mph,29.05 in,0.0 in,Fair
2025-04-09,3:52 AM,42 °F,27 °F,55 %,SE,14 mph,23 mph,29.02 in,0.0 in,Cloudy
2025-04-09,4:52 AM,42 °F,28 °F,58 %,SE,14 mph,0 mph,28.99 in,0.0 in,Cloudy
2025-04-09,5:52 AM,42 °F,30 °F,62 %,SE,12 mph,0 mph,28.99 in,0.0 in,Cloudy
2025-04-09,6:52 AM,41 °F,30 °F,65 %,SE,13 mph,0 mph,28.97 in,0.0 in,Fair
2025-04-09,7:52 AM,42 °F,30 °F,62 %,SSE,14 mph,0 mph,28.98 in,0.0 in,Fair
2025-04-09,8:52 AM,46 °F,32 °F,58 %,SSE,16 mph,0 mph,28.97 in,0.0 in,Fair
2025-04-09,9:52 AM,50 °F,34 °F,54 %,SSE,15 mph,0 mph,28.95 in,0.0 in,Fair
2025-04-09,10:52 AM,51 °F,35 °F,54 %,SSE,13 mph,0 mph,28.95 in,0.0 in,Fair
2025-04-09,11:52 AM,55 °F,37 °F,51 %,SE,9 mph,0 mph,28.94 in,0.0 in,Fair
2025-04-09,12:52 PM,56 °F,38 °F,51 %,SE,7 mph,0 mph,28.93 in,0.0 in,Fair
2025-04-09,1:52 PM,58 °F,38 °F,47 %,CALM,0 mph,0 mph,28.93 in,0.0 in,Fair
2025-04-09,2:52 PM,59 °F,38 °F,46 %,SE,7 mph,0 mph,28.91 in,0.0 in,Partly Cloudy
2025-04-09,3:52 PM,61 °F,39 °F,44 %,NNE,9 mph,0 mph,28.94 in,0.0 in,Mostly Cloudy
2025-04-09,4:52 PM,61 °F,38 °F,42 %,NNE,12 mph,0 mph,28.95 in,0.0 in,Fair
2025-04-09,5:52 PM,58 °F,38 °F,47 %,NE,7 mph,0 mph,28.97 in,0.0 in,Fair
2025-04-09,6:52 PM,54 °F,41 °F,62 %,ENE,9 mph,0 mph,28.98 in,0.0 in,Fair
2025-04-09,7:52 PM,50 °F,40 °F,68 %,ENE,7 mph,0 mph,29.02 in,0.0 in,Fair
2025-04-09,8:52 PM,48 °F,39 °F,71 %,ENE,7 mph,0 mph,29.04 in,0.0 in,Fair
2025-04-09,9:52 PM,44 °F,38 °F,79 %,E,7 mph,0 mph,29.06 in,0.0 in,Fair
2025-04-09,10:52 PM,43 °F,38 °F,82 %,E,3 mph,0 mph,29.07 in,0.0 in,Mostly Cloudy
2025-04-09,11:52 PM,40 °F,37 °F,89 %,E,9 mph,0 mph,29.07 in,0.0 in,Fair
2025-04-10,12:52 AM,38 °F,37 °F,97 %,SSE,3 mph,0 mph,29.07 in,0.0 in,Fair
2025-04-10,1:52 AM,38 °F,37 °F,97 %,SE,6 mph,0 mph,29.06 in,0.0 in,Mist
2025-04-10,2:52 AM,37 °F,36 °F,96 %,SE,8 mph,0 mph,29.04 in,0.0 in,Mist
2025-04-10,3:33 AM,36 °F,35 °F,97 %,ESE,7 mph,0 mph,29.04 in,0.0 in,Mist
2025-04-10,3:49 AM,36 °F,36 °F,100 %,ESE,7 mph,0 mph,29.04 in,0.0 in,Mist
2025-04-10,3:52 AM,36 °F,35 °F,97 %,ESE,7 mph,0 mph,29.04 in,0.0 in,Mist
2025-04-10,4:00 AM,35 °F,35 °F,100 %,ESE,6 mph,0 mph,29.05 in,0.0 in,Mist
2025-04-10,4:52 AM,34 °F,33 °F,96 %,ESE,8 mph,0 mph,29.05 in,0.0 in,Mist
2025-04-10,4:59 AM,34 °F,33 °F,96 %,ESE,8 mph,0 mph,29.05 in,0.0 in,Fair
2025-04-10,5:52 AM,35 °F,34 °F,96 %,ENE,7 mph,0 mph,29.07 in,0.0 in,Mist
2025-04-10,6:34 AM,36 °F,35 °F,97 %,E,8 mph,0 mph,29.09 in,0.0 in,Mist
2025-04-10,6:45 AM,36 °F,35 °F,97 %,E,13 mph,0 mph,29.08 in,0.0 in,Mist
2025-04-10,6:52 AM,36 °F,35 °F,97 %,ESE,12 mph,0 mph,29.09 in,0.0 in,Fog
2025-04-10,7:04 AM,36 °F,36 °F,100 %,ESE,12 mph,0 mph,29.09 in,0.0 in,Fog
2025-04-10,7:17 AM,36 °F,36 °F,100 %,E,12 mph,0 mph,29.09 in,0.0 in,Fog
2025-04-10,7:52 AM,37 °F,36 °F,96 %,E,13 mph,0 mph,29.08 in,0.0 in,Fog
2025-04-10,8:24 AM,38 °F,38 °F,100 %,S,6 mph,0 mph,29.10 in,0.0 in,Mist
2025-04-10,8:52 AM,41 °F,39 °F,93 %,SSE,8 mph,0 mph,29.10 in,0.0 in,Mist
2025-04-10,9:04 AM,40 °F,38 °F,93 %,SE,9 mph,0 mph,29.10 in,0.0 in,Mist
2025-04-10,9:06 AM,40 °F,39 °F,97 %,SE,10 mph,0 mph,29.09 in,0.0 in,Mist
2025-04-10,9:52 AM,44 °F,41 °F,89 %,SSE,7 mph,0 mph,29.08 in,0.0 in,Mist
2025-04-10,9:59 AM,45 °F,41 °F,86 %,SSE,6 mph,0 mph,29.08 in,0.0 in,Mist
2025-04-10,10:26 AM,47 °F,40 °F,77 %,S,5 mph,0 mph,29.09 in,0.0 in,Haze
2025-04-10,10:52 AM,51 °F,40 °F,66 %,WNW,3 mph,0 mph,29.10 in,0.0 in,Mostly Cloudy
2025-04-10,11:52 AM,56 °F,41 °F,57 %,NNW,6 mph,0 mph,29.10 in,0.0 in,Fair
2025-04-10,12:52 PM,62 °F,42 °F,48 %,NNW,8 mph,18 mph,29.10 in,0.0 in,Fair
2025-04-10,1:52 PM,60 °F,41 °F,49 %,N,8 mph,23 mph,29.09 in,0.0 in,Mostly Cloudy
2025-04-10,2:52 PM,62 °F,41 °F,46 %,N,13 mph,0 mph,29.09 in,0.0 in,Mostly Cloudy
2025-04-10,3:52 PM,60 °F,41 °F,49 %,NNW,13 mph,0 mph,29.09 in,0.0 in,Cloudy
2025-04-10,4:52 PM,59 °F,42 °F,53 %,N,14 mph,0 mph,29.10 in,0.0 in,Cloudy
2025-04-10,5:52 PM,54 °F,44 °F,69 %,NNE,9 mph,0 mph,29.13 in,0.0 in,Cloudy
2025-04-10,6:52 PM,51 °F,42 °F,71 %,NE,13 mph,0 mph,29.16 in,0.0 in,Cloudy
2025-04-10,7:52 PM,50 °F,41 °F,71 %,NE,10 mph,0 mph,29.17 in,0.0 in,Cloudy
2025-04-10,8:52 PM,49 °F,40 °F,71 %,NE,10 mph,0 mph,29.20 in,0.0 in,Cloudy
2025-04-10,9:10 PM,48 °F,40 °F,74 %,NE,12 mph,0 mph,29.20 in,0.0 in,Cloudy
2025-04-10,9:30 PM,48 °F,40 °F,74 %,NE,10 mph,0 mph,29.21 in,0.0 in,Cloudy
2025-04-10,9:52 PM,48 °F,39 °F,71 %,ENE,13 mph,0 mph,29.21 in,0.0 in,Cloudy
2025-04-10,10:05 PM,48 °F,39 °F,71 %,NE,12 mph,0 mph,29.22 in,0.0 in,Cloudy
2025-04-10,10:32 PM,47 °F,39 °F,74 %,NE,8 mph,0 mph,29.22 in,0.0 in,Haze
2025-04-10,10:52 PM,47 °F,39 °F,74 %,NE,8 mph,0 mph,29.23 in,0.0 in,Haze
2025-04-10,11:52 PM,46 °F,38 °F,73 %,NE,13 mph,0 mph,29.23 in,0.0 in,Cloudy
2025-04-11,12:52 AM,46 °F,38 °F,73 %,NE,12 mph,0 mph,29.24 in,0.0 in,Cloudy
2025-04-11,1:15 AM,46 °F,38 °F,73 %,NE,12 mph,0 mph,29.24 in,0.0 in,Cloudy
2025-04-11,1:52 AM,45 °F,37 °F,74 %,NE,10 mph,0 mph,29.25 in,0.0 in,Cloudy
2025-04-11,2:52 AM,44 °F,37 °F,76 %,NE,10 mph,0 mph,29.26 in,0.0 in,Cloudy
2025-04-11,3:52 AM,44 °F,36 °F,73 %,NE,8 mph,0 mph,29.27 in,0.0 in,Cloudy
2025-04-11,4:34 AM,43 °F,35 °F,74 %,NE,10 mph,0 mph,29.27 in,0.0 in,Cloudy
2025-04-11,4:52 AM,43 °F,35 °F,74 %,ENE,10 mph,0 mph,29.28 in,0.0 in,Cloudy
2025-04-11,5:52 AM,42 °F,35 °F,76 %,NE,9 mph,0 mph,29.30 in,0.0 in,Cloudy
2025-04-11,6:52 AM,41 °F,35 °F,79 %,ENE,7 mph,0 mph,29.32 in,0.0 in,Cloudy
2025-04-11,7:52 AM,42 °F,35 °F,76 %,ENE,8 mph,0 mph,29.35 in,0.0 in,Fair
2025-04-11,8:52 AM,43 °F,34 °F,71 %,E,3 mph,0 mph,29.36 in,0.0 in,Mostly Cloudy
2025-04-11,9:52 AM,47 °F,35 °F,63 %,ENE,6 mph,0 mph,29.38 in,0.0 in,Fair
2025-04-11,10:52 AM,48 °F,33 °F,56 %,NE,8 mph,0 mph,29.38 in,0.0 in,Fair
2025-04-11,11:52 AM,52 °F,33 °F,49 %,E,8 mph,0 mph,29.38 in,0.0 in,Fair
2025-04-11,12:52 PM,54 °F,32 °F,43 %,NW,5 mph,0 mph,29.36 in,0.0 in,Fair
2025-04-11,1:52 PM,57 °F,33 °F,40 %,NE,8 mph,0 mph,29.33 in,0.0 in,Fair
2025-04-11,2:52 PM,57 °F,33 °F,40 %,VAR,3 mph,0 mph,29.31 in,0.0 in,Fair
2025-04-11,3:52 PM,57 °F,33 °F,40 %,SSE,3 mph,0 mph,29.30 in,0.0 in,Mostly Cloudy
2025-04-11,4:52 PM,56 °F,32 °F,40 %,WSW,6 mph,0 mph,29.28 in,0.0 in,Mostly Cloudy
2025-04-11,5:52 PM,57 °F,35 °F,44 %,WSW,9 mph,0 mph,29.26 in,0.0 in,Partly Cloudy
2025-04-11,6:52 PM,53 °F,36 °F,52 %,WNW,10 mph,0 mph,29.26 in,0.0 in,Fair
2025-04-11,7:52 PM,48 °F,35 °F,61 %,WNW,9 mph,0 mph,29.26 in,0.0 in,Mostly Cloudy
2025-04-11,8:52 PM,45 °F,35 °F,68 %,WNW,8 mph,0 mph,29.27 in,0.0 in,Fair
2025-04-11,9:52 PM,43 °F,34 °F,71 %,WNW,8 mph,0 mph,29.28 in,0.0 in,Fair
2025-04-11,10:52 PM,41 °F,34 °F,76 %,WNW,6 mph,0 mph,29.27 in,0.0 in,Fair
2025-04-11,11:52 PM,41 °F,34 °F,76 %,W,3 mph,0 mph,29.26 in,0.0 in,Fair
2025-04-12,12:52 AM,37 °F,32 °F,82 %,CALM,0 mph,0 mph,29.25 in,0.0 in,Haze
2025-04-12,1:52 AM,37 °F,33 °F,86 %,CALM,0 mph,0 mph,29.24 in,0.0 in,Fair
2025-04-12,2:52 AM,36 °F,33 °F,89 %,CALM,0 mph,0 mph,29.23 in,0.0 in,Fair
2025-04-12,3:52 AM,37 °F,33 °F,86 %,WSW,3 mph,0 mph,29.23 in,0.0 in,Fair
2025-04-12,4:52 AM,37 °F,34 °F,89 %,CALM,0 mph,0 mph,29.22 in,0.0 in,Fair
2025-04-12,5:52 AM,35 °F,32 °F,89 %,CALM,0 mph,0 mph,29.22 in,0.0 in,Mist
2025-04-12,6:45 AM,34 °F,32 °F,92 %,CALM,0 mph,0 mph,29.23 in,0.0 in,Mist
2025-04-12,6:52 AM,33 °F,32 °F,96 %,CALM,0 mph,0 mph,29.23 in,0.0 in,Mist
2025-04-12,7:52 AM,38 °F,37 °F,97 %,CALM,0 mph,0 mph,29.24 in,0.0 in,Mist
2025-04-12,8:52 AM,48 °F,40 °F,74 %,SSW,9 mph,0 mph,29.23 in,0.0 in,Haze
2025-04-12,9:52 AM,53 °F,40 °F,61 %,S,9 mph,0 mph,29.23 in,0.0 in,Fair
2025-04-12,10:52 AM,56 °F,39 °F,53 %,S,12 mph,0 mph,29.21 in,0.0 in,Fair
2025-04-12,11:52 AM,60 °F,40 °F,47 %,S,13 mph,0 mph,29.18 in,0.0 in,Fair
2025-04-12,12:52 PM,63 °F,39 °F,41 %,S,14 mph,24 mph,29.14 in,0.0 in,Fair
2025-04-12,1:52 PM,65 °F,39 °F,39 %,SSE,17 mph,0 mph,29.10 in,0.0 in,Fair
2025-04-12,2:52 PM,67 °F,39 °F,36 %,S,20 mph,29 mph,29.07 in,0.0 in,Fair
2025-04-12,3:52 PM,64 °F,39 °F,40 %,S,21 mph,29 mph,29.02 in,0.0 in,Fair / Windy
2025-04-12,4:52 PM,66 °F,38 °F,36 %,S,20 mph,30 mph,29.00 in,0.0 in,Fair
2025-04-12,5:52 PM,65 °F,38 °F,37 %,SSE,21 mph,31 mph,28.98 in,0.0 in,Fair / Windy
2025-04-12,6:52 PM,62 °F,37 °F,39 %,SSE,23 mph,33 mph,28.97 in,0.0 in,Fair / Windy
2025-04-12,7:52 PM,60 °F,38 °F,44 %,SSE,17 mph,25 mph,28.96 in,0.0 in,Fair
2025-04-12,8:52 PM,59 °F,39 °F,48 %,SSE,13 mph,0 mph,28.98 in,0.0 in,Fair
2025-04-12,9:52 PM,58 °F,38 °F,47 %,S,10 mph,0 mph,29.01 in,0.0 in,Fair
2025-04-12,10:52 PM,55 °F,38 °F,53 %,SSE,10 mph,0 mph,29.00 in,0.0 in,Fair
2025-04-12,11:52 PM,54 °F,39 °F,57 %,SE,12 mph,0 mph,28.98 in,0.0 in,Fair
2025-04-13,12:52 AM,53 °F,39 °F,59 %,SSE,13 mph,0 mph,28.96 in,0.0 in,Fair
2025-04-13,1:52 AM,53 °F,38 °F,57 %,SSE,14 mph,0 mph,28.93 in,0.0 in,Fair
2025-04-13,2:52 AM,52 °F,39 °F,61 %,SSE,13 mph,0 mph,28.91 in,0.0 in,Fair
2025-04-13,3:52 AM,52 °F,39 °F,61 %,SSE,16 mph,0 mph,28.89 in,0.0 in,Fair
2025-04-13,4:52 AM,52 °F,39 °F,61 %,SSE,15 mph,25 mph,28.86 in,0.0 in,Fair
2025-04-13,5:52 AM,50 °F,40 °F,68 %,SE,15 mph,23 mph,28.83 in,0.0 in,Fair
2025-04-13,6:52 AM,50 °F,40 °F,68 %,SSE,17 mph,28 mph,28.82 in,0.0 in,Fair
2025-04-13,7:52 AM,53 °F,42 °F,66 %,SSE,16 mph,0 mph,28.82 in,0.0 in,Fair
2025-04-13,8:52 AM,55 °F,43 °F,64 %,SSE,17 mph,25 mph,28.79 in,0.0 in,Fair
2025-04-13,9:52 AM,58 °F,44 °F,60 %,SE,13 mph,0 mph,28.79 in,0.0 in,Fair
2025-04-13,10:52 AM,60 °F,45 °F,57 %,SE,17 mph,23 mph,28.77 in,0.0 in,Fair
2025-04-13,11:52 AM,64 °F,46 °F,52 %,SE,16 mph,0 mph,28.74 in,0.0 in,Fair
2025-04-13,12:52 PM,67 °F,47 °F,49 %,SSE,16 mph,29 mph,28.68 in,0.0 in,Fair
2025-04-13,1:52 PM,71 °F,48 °F,44 %,SSE,20 mph,29 mph,28.70 in,0.0 in,Fair
2025-04-13,2:52 PM,74 °F,49 °F,41 %,S,8 mph,20 mph,28.69 in,0.0 in,Fair
2025-04-13,3:52 PM,75 °F,50 °F,41 %,S,10 mph,0 mph,28.67 in,0.0 in,Mostly Cloudy
2025-04-13,4:52 PM,73 °F,50 °F,44 %,S,10 mph,18 mph,28.67 in,0.0 in,Mostly Cloudy
2025-04-13,5:52 PM,74 °F,50 °F,43 %,SW,9 mph,0 mph,28.67 in,0.0 in,Partly Cloudy
2025-04-13,6:52 PM,73 °F,50 °F,44 %,SW,6 mph,0 mph,28.68 in,0.0 in,Fair
2025-04-13,7:52 PM,69 °F,49 °F,49 %,CALM,0 mph,0 mph,28.69 in,0.0 in,Haze
2025-04-13,8:52 PM,67 °F,50 °F,54 %,CALM,0 mph,0 mph,28.71 in,0.0 in,Fair
2025-04-13,9:52 PM,62 °F,49 °F,62 %,WSW,6 mph,0 mph,28.73 in,0.0 in,Fair
2025-04-13,10:52 PM,58 °F,48 °F,70 %,W,9 mph,0 mph,28.74 in,0.0 in,Partly Cloudy
2025-04-13,11:52 PM,63 °F,49 °F,60 %,NW,20 mph,0 mph,28.77 in,0.0 in,Fair
2025-04-14,12:52 AM,61 °F,46 °F,58 %,NNW,18 mph,0 mph,28.81 in,0.0 in,Fair
2025-04-14,1:52 AM,58 °F,44 °F,60 %,NW,12 mph,0 mph,28.85 in,0.0 in,Fair
2025-04-14,2:52 AM,52 °F,42 °F,69 %,WNW,9 mph,0 mph,28.82 in,0.0 in,Fair
2025-04-14,3:52 AM,52 °F,40 °F,63 %,WNW,16 mph,0 mph,28.85 in,0.0 in,Fair
2025-04-14,4:52 AM,53 °F,34 °F,48 %,NW,20 mph,36 mph,28.86 in,0.0 in,Fair
2025-04-14,5:52 AM,52 °F,34 °F,50 %,WNW,20 mph,31 mph,28.89 in,0.0 in,Fair
2025-04-14,6:52 AM,50 °F,34 °F,54 %,WNW,20 mph,29 mph,28.92 in,0.0 in,Fair
2025-04-14,7:52 AM,49 °F,34 °F,56 %,WNW,21 mph,30 mph,28.93 in,0.0 in,Fair / Windy
2025-04-14,8:52 AM,50 °F,36 °F,59 %,WNW,26 mph,38 mph,28.94 in,0.0 in,Fair / Windy
2025-04-14,9:52 AM,52 °F,37 °F,57 %,WNW,25 mph,37 mph,28.95 in,0.0 in,Partly Cloudy / Windy
2025-04-14,10:52 AM,56 °F,38 °F,51 %,WNW,23 mph,38 mph,28.96 in,0.0 in,Mostly Cloudy / Windy
2025-04-14,11:52 AM,57 °F,37 °F,47 %,WNW,24 mph,40 mph,28.98 in,0.0 in,Mostly Cloudy / Windy
2025-04-14,12:52 PM,60 °F,35 °F,39 %,NW,25 mph,39 mph,28.98 in,0.0 in,Fair / Windy
2025-04-14,1:52 PM,59 °F,33 °F,38 %,WNW,29 mph,41 mph,28.97 in,0.0 in,Partly Cloudy / Windy
2025-04-14,2:52 PM,63 °F,32 °F,31 %,NW,28 mph,39 mph,28.96 in,0.0 in,Partly Cloudy / Windy
2025-04-14,3:52 PM,62 °F,28 °F,28 %,NW,23 mph,39 mph,28.96 in,0.0 in,Partly Cloudy / Windy
2025-04-14,4:52 PM,60 °F,29 °F,31 %,WNW,28 mph,39 mph,28.96 in,0.0 in,Mostly Cloudy / Windy
2025-04-14,5:52 PM,58 °F,31 °F,36 %,WNW,26 mph,37 mph,28.98 in,0.0 in,Cloudy / Windy
2025-04-14,6:52 PM,54 °F,30 °F,40 %,WNW,30 mph,43 mph,29.00 in,0.0 in,Cloudy / Windy
2025-04-14,7:52 PM,52 °F,31 °F,45 %,W,20 mph,26 mph,29.00 in,0.0 in,Partly Cloudy
2025-04-14,8:52 PM,49 °F,34 °F,56 %,WNW,20 mph,32 mph,29.02 in,0.0 in,Mostly Cloudy
2025-04-14,9:52 PM,46 °F,35 °F,66 %,WNW,18 mph,0 mph,29.03 in,0.0 in,Fair
2025-04-14,10:52 PM,44 °F,34 °F,68 %,WNW,16 mph,0 mph,29.04 in,0.0 in,Fair
2025-04-14,11:52 PM,42 °F,34 °F,73 %,W,16 mph,0 mph,29.04 in,0.0 in,Fair
2025-04-15,12:52 AM,43 °F,34 °F,71 %,WNW,22 mph,32 mph,29.04 in,0.0 in,Fair / Windy
2025-04-15,1:52 AM,42 °F,33 °F,70 %,WNW,25 mph,36 mph,29.04 in,0.0 in,Mostly Cloudy / Windy
2025-04-15,2:52 AM,44 °F,33 °F,65 %,WNW,30 mph,40 mph,29.05 in,0.0 in,Cloudy / Windy
2025-04-15,3:52 AM,43 °F,33 °F,68 %,WNW,22 mph,33 mph,29.06 in,0.0 in,Cloudy / Windy
2025-04-15,4:52 AM,41 °F,33 °F,73 %,WNW,20 mph,0 mph,29.08 in,0.0 in,Mostly Cloudy
2025-04-15,5:52 AM,39 °F,32 °F,76 %,WNW,18 mph,0 mph,29.10 in,0.0 in,Fair
2025-04-15,6:52 AM,39 °F,32 °F,76 %,WNW,21 mph,31 mph,29.11 in,0.0 in,Fair / Windy
2025-04-15,7:52 AM,41 °F,32 °F,70 %,WNW,21 mph,33 mph,29.14 in,0.0 in,Cloudy / Windy
2025-04-15,8:52 AM,44 °F,32 °F,63 %,NW,25 mph,35 mph,29.16 in,0.0 in,Fair / Windy
2025-04-15,9:52 AM,46 °F,32 °F,58 %,NW,28 mph,37 mph,29.18 in,0.0 in,Mostly Cloudy / Windy
2025-04-15,10:52 AM,48 °F,32 °F,54 %,NW,23 mph,33 mph,29.19 in,0.0 in,Mostly Cloudy / Windy
2025-04-15,11:52 AM,53 °F,31 °F,43 %,WNW,25 mph,36 mph,29.19 in,0.0 in,Fair / Windy
2025-04-15,12:52 PM,55 °F,28 °F,35 %,NW,21 mph,36 mph,29.17 in,0.0 in,Fair / Windy
2025-04-15,1:52 PM,57 °F,29 °F,34 %,NW,26 mph,37 mph,29.16 in,0.0 in,Fair / Windy
2025-04-15,2:52 PM,59 °F,28 °F,31 %,NW,26 mph,37 mph,29.15 in,0.0 in,Fair / Windy
2025-04-15,3:52 PM,60 °F,26 °F,27 %,NW,25 mph,36 mph,29.13 in,0.0 in,Fair / Windy
2025-04-15,4:52 PM,60 °F,24 °F,25 %,WNW,24 mph,37 mph,29.12 in,0.0 in,Fair / Windy
2025-04-15,5:52 PM,59 °F,24 °F,26 %,NW,21 mph,36 mph,29.11 in,0.0 in,Fair / Windy
2025-04-15,6:52 PM,57 °F,22 °F,26 %,NW,20 mph,30 mph,29.10 in,0.0 in,Fair
2025-04-15,7:52 PM,53 °F,24 °F,32 %,NW,13 mph,0 mph,29.11 in,0.0 in,Fair
2025-04-15,8:52 PM,48 °F,24 °F,39 %,NNW,6 mph,0 mph,29.12 in,0.0 in,Fair
2025-04-15,9:52 PM,44 °F,23 °F,43 %,NNW,3 mph,0 mph,29.14 in,0.0 in,Fair
2025-04-15,10:52 PM,44 °F,22 °F,42 %,NNW,5 mph,0 mph,29.14 in,0.0 in,Fair
2025-04-15,11:52 PM,39 °F,23 °F,53 %,W,3 mph,0 mph,29.16 in,0.0 in,Fair
2025-04-16,12:52 AM,41 °F,23 °F,49 %,WNW,5 mph,0 mph,29.16 in,0.0 in,Fair
2025-04-16,1:52 AM,35 °F,24 °F,64 %,CALM,0 mph,0 mph,29.15 in,0.0 in,Fair
2025-04-16,2:52 AM,33 °F,23 °F,66 %,SW,3 mph,0 mph,29.15 in,0.0 in,Fair
2025-04-16,3:52 AM,36 °F,23 °F,59 %,NW,3 mph,0 mph,29.15 in,0.0 in,Fair
2025-04-16,4:52 AM,34 °F,23 °F,64 %,CALM,0 mph,0 mph,29.16 in,0.0 in,Fair
2025-04-16,5:52 AM,37 °F,23 °F,57 %,NE,5 mph,0 mph,29.17 in,0.0 in,Fair
2025-04-16,6:52 AM,34 °F,25 °F,70 %,CALM,0 mph,0 mph,29.18 in,0.0 in,Fair
2025-04-16,7:52 AM,41 °F,29 °F,62 %,E,13 mph,0 mph,29.18 in,0.0 in,Fair
2025-04-16,8:52 AM,46 °F,30 °F,54 %,ESE,17 mph,0 mph,29.17 in,0.0 in,Fair
2025-04-16,9:52 AM,51 °F,31 °F,46 %,ESE,13 mph,0 mph,29.16 in,0.0 in,Fair
2025-04-16,10:52 AM,55 °F,31 °F,40 %,SE,13 mph,20 mph,29.15 in,0.0 in,Fair
2025-04-16,11:52 AM,58 °F,32 °F,37 %,SE,15 mph,0 mph,29.13 in,0.0 in,Fair
2025-04-16,12:52 PM,62 °F,31 °F,31 %,SSE,15 mph,24 mph,29.10 in,0.0 in,Fair
2025-04-16,1:52 PM,65 °F,31 °F,28 %,SE,17 mph,0 mph,29.07 in,0.0 in,Fair
2025-04-16,2:52 PM,66 °F,30 °F,26 %,SSE,20 mph,28 mph,29.04 in,0.0 in,Fair
2025-04-16,3:52 PM,68 °F,30 °F,24 %,SE,18 mph,29 mph,29.01 in,0.0 in,Fair
2025-04-16,4:52 PM,70 °F,31 °F,24 %,SE,18 mph,28 mph,28.98 in,0.0 in,Mostly Cloudy
2025-04-16,5:52 PM,68 °F,31 °F,25 %,SSE,16 mph,24 mph,28.97 in,0.0 in,Partly Cloudy
2025-04-16,6:52 PM,66 °F,31 °F,27 %,SE,16 mph,25 mph,28.97 in,0.0 in,Fair
2025-04-16,7:52 PM,62 °F,31 °F,31 %,SE,12 mph,0 mph,28.98 in,0.0 in,Fair
2025-04-16,8:52 PM,57 °F,32 °F,39 %,ESE,13 mph,0 mph,29.00 in,0.0 in,Fair
2025-04-16,9:52 PM,55 °F,32 °F,42 %,ESE,13 mph,0 mph,29.00 in,0.0 in,Fair
2025-04-16,10:52 PM,54 °F,32 °F,43 %,ESE,14 mph,0 mph,28.99 in,0.0 in,Fair
2025-04-16,11:52 PM,52 °F,33 °F,49 %,ESE,13 mph,0 mph,28.99 in,0.0 in,Fair
2025-04-17,12:52 AM,52 °F,33 °F,49 %,ESE,13 mph,0 mph,28.97 in,0.0 in,Fair
2025-04-17,1:52 AM,52 °F,34 °F,50 %,ESE,13 mph,0 mph,28.96 in,0.0 in,Fair
2025-04-17,2:52 AM,55 °F,35 °F,47 %,SE,16 mph,0 mph,28.94 in,0.0 in,Fair
2025-04-17,3:52 AM,58 °F,35 °F,42 %,SE,17 mph,0 mph,28.92 in,0.0 in,Cloudy
2025-04-17,4:52 AM,58 °F,35 °F,42 %,SE,15 mph,0 mph,28.88 in,0.0 in,Cloudy
2025-04-17,5:52 AM,57 °F,36 °F,45 %,SE,15 mph,24 mph,28.88 in,0.0 in,Fair
2025-04-17,6:37 AM,56 °F,39 °F,53 %,SE,16 mph,0 mph,28.88 in,0.0 in,Thunder
2025-04-17,6:42 AM,54 °F,42 °F,64 %,SSE,18 mph,0 mph,28.88 in,0.1 in,Light Rain with Thunder
2025-04-17,6:52 AM,52 °F,41 °F,66 %,SE,17 mph,0 mph,28.87 in,0.2 in,Light Rain with Thunder
2025-04-17,7:14 AM,52 °F,42 °F,69 %,ESE,13 mph,0 mph,28.88 in,0.0 in,Thunder in the Vicinity
2025-04-17,7:40 AM,52 °F,43 °F,71 %,ESE,14 mph,0 mph,28.87 in,0.0 in,Fair
2025-04-17,7:52 AM,53 °F,43 °F,69 %,ESE,13 mph,0 mph,28.87 in,0.0 in,Partly Cloudy
2025-04-17,8:52 AM,54 °F,43 °F,66 %,SSE,10 mph,0 mph,28.89 in,0.0 in,T-Storm
2025-04-17,9:23 AM,53 °F,46 °F,77 %,SSE,17 mph,28 mph,28.85 in,0.0 in,Light Rain
2025-04-17,9:52 AM,53 °F,46 °F,77 %,SSE,15 mph,0 mph,28.87 in,0.0 in,Light Rain
2025-04-17,10:52 AM,55 °F,48 °F,77 %,ESE,17 mph,0 mph,28.85 in,0.0 in,Mostly Cloudy
2025-04-17,11:52 AM,63 °F,52 °F,67 %,SE,20 mph,29 mph,28.84 in,0.0 in,Fair
2025-04-17,12:52 PM,69 °F,53 °F,57 %,SE,23 mph,31 mph,28.80 in,0.0 in,Partly Cloudy / Windy
2025-04-17,1:52 PM,71 °F,55 °F,57 %,SSE,17 mph,32 mph,28.78 in,0.0 in,Mostly Cloudy
2025-04-17,2:52 PM,71 °F,54 °F,55 %,SE,21 mph,0 mph,28.75 in,0.0 in,Partly Cloudy / Windy
2025-04-17,3:52 PM,68 °F,55 °F,63 %,ESE,20 mph,30 mph,28.72 in,0.0 in,Cloudy
2025-04-17,4:52 PM,65 °F,52 °F,63 %,SE,24 mph,33 mph,28.72 in,0.0 in,Cloudy / Windy
2025-04-17,5:52 PM,64 °F,52 °F,65 %,SE,20 mph,26 mph,28.70 in,0.0 in,Cloudy
2025-04-17,6:52 PM,65 °F,51 °F,61 %,SE,17 mph,33 mph,28.67 in,0.0 in,Cloudy
2025-04-17,7:52 PM,65 °F,49 °F,56 %,SE,14 mph,0 mph,28.67 in,0.0 in,Cloudy
2025-04-17,8:52 PM,65 °F,50 °F,58 %,SE,10 mph,0 mph,28.70 in,0.0 in,Cloudy
2025-04-17,9:52 PM,63 °F,51 °F,65 %,SE,6 mph,0 mph,28.72 in,0.0 in,Cloudy
2025-04-17,10:52 PM,61 °F,51 °F,70 %,SE,8 mph,0 mph,28.71 in,0.0 in,Fair
2025-04-17,11:52 PM,65 °F,51 °F,61 %,S,9 mph,0 mph,28.69 in,0.0 in,Fair
2025-04-18,12:34 AM,64 °F,54 °F,70 %,S,28 mph,46 mph,28.60 in,0.0 in,T-Storm / Windy
2025-04-18,12:52 AM,65 °F,54 °F,68 %,S,29 mph,48 mph,28.58 in,0.0 in,Thunder in the Vicinity
2025-04-18,1:06 AM,66 °F,55 °F,68 %,S,23 mph,41 mph,28.62 in,0.0 in,Partly Cloudy / Windy
2025-04-18,1:52 AM,63 °F,58 °F,84 %,S,18 mph,32 mph,28.64 in,0.0 in,Fair
2025-04-18,2:52 AM,66 °F,57 °F,73 %,S,13 mph,0 mph,28.62 in,0.0 in,Fair
2025-04-18,3:52 AM,66 °F,59 °F,78 %,S,14 mph,23 mph,28.61 in,0.0 in,Fair
2025-04-18,4:52 AM,67 °F,60 °F,79 %,S,21 mph,30 mph,28.61 in,0.0 in,Cloudy / Windy
2025-04-18,5:52 AM,67 °F,60 °F,79 %,S,15 mph,25 mph,28.62 in,0.0 in,Cloudy
2025-04-18,6:52 AM,67 °F,60 °F,79 %,S,14 mph,0 mph,28.65 in,0.0 in,Cloudy
2025-04-18,7:52 AM,67 °F,61 °F,81 %,S,16 mph,0 mph,28.65 in,0.0 in,Mostly Cloudy
2025-04-18,8:52 AM,68 °F,61 °F,78 %,SSW,14 mph,0 mph,28.66 in,0.0 in,Cloudy
2025-04-18,9:04 AM,68 °F,61 °F,78 %,SSW,13 mph,0 mph,28.66 in,0.0 in,Cloudy
2025-04-18,9:52 AM,69 °F,62 °F,78 %,SSW,12 mph,0 mph,28.66 in,0.0 in,Cloudy
2025-04-18,10:37 AM,69 °F,62 °F,78 %,SSW,12 mph,0 mph,28.66 in,0.0 in,Cloudy
2025-04-18,10:52 AM,70 °F,62 °F,76 %,SSW,9 mph,0 mph,28.67 in,0.0 in,Cloudy
2025-04-18,11:52 AM,70 °F,62 °F,76 %,SW,16 mph,0 mph,28.68 in,0.0 in,Cloudy
2025-04-18,12:23 PM,71 °F,62 °F,73 %,WSW,14 mph,0 mph,28.68 in,0.0 in,Cloudy
2025-04-18,12:52 PM,70 °F,62 °F,76 %,WSW,14 mph,0 mph,28.69 in,0.0 in,Cloudy
2025-04-18,1:25 PM,66 °F,60 °F,81 %,W,20 mph,28 mph,28.75 in,0.0 in,Cloudy
2025-04-18,1:34 PM,65 °F,59 °F,81 %,W,16 mph,28 mph,28.76 in,0.0 in,Cloudy
2025-04-18,1:52 PM,64 °F,59 °F,84 %,WNW,10 mph,0 mph,28.73 in,0.0 in,Cloudy
2025-04-18,2:05 PM,64 °F,59 °F,84 %,W,8 mph,0 mph,28.73 in,0.0 in,Cloudy
2025-04-18,2:52 PM,68 °F,59 °F,73 %,WSW,15 mph,21 mph,28.72 in,0.0 in,Partly Cloudy
2025-04-18,3:05 PM,67 °F,59 °F,76 %,WSW,14 mph,0 mph,28.75 in,0.0 in,Mostly Cloudy
2025-04-18,3:47 PM,63 °F,55 °F,77 %,W,16 mph,0 mph,28.75 in,0.0 in,Haze
2025-04-18,3:52 PM,61 °F,56 °F,83 %,W,18 mph,0 mph,28.75 in,0.0 in,Haze
2025-04-18,4:12 PM,59 °F,56 °F,90 %,W,17 mph,0 mph,28.76 in,0.0 in,Mist
2025-04-18,4:17 PM,58 °F,57 °F,97 %,W,14 mph,0 mph,28.77 in,0.0 in,Mist
2025-04-18,4:47 PM,55 °F,55 °F,100 %,W,17 mph,0 mph,28.79 in,0.0 in,Mist
2025-04-18,4:52 PM,56 °F,55 °F,97 %,W,17 mph,0 mph,28.79 in,0.0 in,Mist
2025-04-18,5:17 PM,56 °F,55 °F,97 %,W,18 mph,0 mph,28.80 in,0.0 in,Mist
2025-04-18,5:30 PM,56 °F,55 °F,97 %,W,18 mph,0 mph,28.80 in,0.0 in,Mist
2025-04-18,5:52 PM,55 °F,54 °F,96 %,WNW,21 mph,29 mph,28.81 in,0.0 in,Mist / Windy
2025-04-18,6:17 PM,55 °F,53 °F,93 %,WNW,17 mph,0 mph,28.83 in,0.0 in,Mist
2025-04-18,6:52 PM,53 °F,52 °F,96 %,WNW,15 mph,0 mph,28.85 in,0.0 in,Mist
2025-04-18,7:52 PM,52 °F,50 °F,93 %,NW,12 mph,0 mph,28.88 in,0.0 in,Cloudy
2025-04-18,8:23 PM,52 °F,50 °F,93 %,NW,17 mph,0 mph,28.91 in,0.0 in,Cloudy
2025-04-18,8:37 PM,52 °F,50 °F,93 %,WNW,9 mph,0 mph,28.92 in,0.0 in,Cloudy
2025-04-18,8:52 PM,52 °F,50 °F,93 %,WNW,9 mph,0 mph,28.93 in,0.0 in,Cloudy
2025-04-18,9:25 PM,52 °F,50 °F,93 %,NW,9 mph,0 mph,28.93 in,0.0 in,Cloudy
2025-04-18,9:52 PM,53 °F,50 °F,89 %,WNW,9 mph,0 mph,28.95 in,0.0 in,Cloudy
2025-04-18,10:52 PM,53 °F,50 °F,89 %,WNW,8 mph,0 mph,28.97 in,0.0 in,Cloudy
2025-04-18,11:52 PM,52 °F,50 °F,93 %,WNW,6 mph,0 mph,28.97 in,0.0 in,Cloudy
2025-04-19,12:52 AM,51 °F,47 °F,86 %,WNW,13 mph,0 mph,29.00 in,0.0 in,Cloudy
2025-04-19,1:38 AM,49 °F,41 °F,74 %,NW,14 mph,0 mph,29.02 in,0.0 in,Cloudy
2025-04-19,1:52 AM,49 °F,40 °F,71 %,NW,13 mph,0 mph,29.01 in,0.0 in,Cloudy
2025-04-19,2:52 AM,47 °F,39 °F,74 %,NW,14 mph,0 mph,29.02 in,0.0 in,Cloudy
2025-04-19,3:52 AM,45 °F,38 °F,76 %,NW,9 mph,0 mph,29.04 in,0.0 in,Fair
2025-04-19,4:52 AM,45 °F,39 °F,80 %,NW,6 mph,0 mph,29.08 in,0.0 in,Cloudy
2025-04-19,5:52 AM,45 °F,39 °F,80 %,NNW,7 mph,0 mph,29.08 in,0.0 in,Partly Cloudy
2025-04-19,6:52 AM,42 °F,38 °F,85 %,NW,9 mph,0 mph,29.12 in,0.0 in,Partly Cloudy
2025-04-19,7:52 AM,46 °F,39 °F,76 %,NNW,14 mph,0 mph,29.13 in,0.0 in,Partly Cloudy
2025-04-19,8:52 AM,47 °F,39 °F,74 %,N,9 mph,0 mph,29.15 in,0.0 in,Fair
2025-04-19,9:52 AM,48 °F,39 °F,71 %,NW,10 mph,0 mph,29.17 in,0.0 in,Fair
2025-04-19,10:52 AM,51 °F,40 °F,66 %,NW,8 mph,0 mph,29.19 in,0.0 in,Fair
2025-04-19,11:52 AM,54 °F,41 °F,62 %,VAR,3 mph,0 mph,29.22 in,0.0 in,Fair
2025-04-19,12:52 PM,55 °F,37 °F,51 %,VAR,7 mph,0 mph,29.22 in,0.0 in,Mostly Cloudy
2025-04-19,1:52 PM,58 °F,36 °F,44 %,VAR,6 mph,0 mph,29.22 in,0.0 in,Partly Cloudy
2025-04-19,2:52 PM,59 °F,33 °F,38 %,NW,8 mph,0 mph,29.22 in,0.0 in,Fair
2025-04-19,3:52 PM,59 °F,33 °F,38 %,WNW,8 mph,21 mph,29.23 in,0.0 in,Fair
2025-04-19,4:52 PM,59 °F,32 °F,36 %,NW,10 mph,0 mph,29.24 in,0.0 in,Fair
2025-04-19,5:52 PM,58 °F,31 °F,36 %,NNW,10 mph,0 mph,29.24 in,0.0 in,Fair
2025-04-19,6:52 PM,57 °F,31 °F,37 %,NNW,10 mph,0 mph,29.25 in,0.0 in,Fair
2025-04-19,7:52 PM,52 °F,32 °F,47 %,N,7 mph,0 mph,29.28 in,0.0 in,Fair
2025-04-19,8:52 PM,51 °F,32 °F,48 %,N,10 mph,0 mph,29.30 in,0.0 in,Fair
2025-04-19,9:52 PM,48 °F,32 °F,54 %,NNE,9 mph,0 mph,29.31 in,0.0 in,Fair
2025-04-19,10:52 PM,47 °F,32 °F,56 %,NNE,8 mph,0 mph,29.33 in,0.0 in,Fair
2025-04-19,11:52 PM,47 °F,32 °F,56 %,NNE,9 mph,0 mph,29.31 in,0.0 in,Fair
2025-04-20,12:52 AM,46 °F,32 °F,58 %,NNE,8 mph,0 mph,29.33 in,0.0 in,Fair
2025-04-20,1:52 AM,46 °F,32 °F,58 %,NNE,8 mph,0 mph,29.32 in,0.0 in,Fair
2025-04-20,2:52 AM,45 °F,31 °F,58 %,NE,10 mph,0 mph,29.30 in,0.0 in,Fair
2025-04-20,3:52 AM,44 °F,31 °F,60 %,NE,12 mph,0 mph,29.28 in,0.0 in,Fair
2025-04-20,4:52 AM,43 °F,31 °F,62 %,ENE,12 mph,0 mph,29.25 in,0.0 in,Fair
2025-04-20,5:52 AM,43 °F,31 °F,62 %,E,10 mph,0 mph,29.25 in,0.0 in,Fair
2025-04-20,6:52 AM,44 °F,32 °F,63 %,E,12 mph,0 mph,29.25 in,0.0 in,Fair
2025-04-20,7:52 AM,46 °F,34 °F,63 %,ENE,10 mph,0 mph,29.25 in,0.0 in,Partly Cloudy
2025-04-20,8:26 AM,48 °F,37 °F,66 %,E,12 mph,0 mph,29.24 in,0.0 in,Light Rain
2025-04-20,8:52 AM,47 °F,40 °F,77 %,ESE,12 mph,0 mph,29.23 in,0.0 in,Light Rain
2025-04-20,9:32 AM,46 °F,42 °F,86 %,ESE,14 mph,0 mph,29.22 in,0.0 in,Rain
2025-04-20,9:52 AM,46 °F,45 °F,96 %,E,16 mph,0 mph,29.19 in,0.1 in,Rain
2025-04-20,10:30 AM,49 °F,49 °F,100 %,E,20 mph,29 mph,29.14 in,0.0 in,Rain
2025-04-20,10:42 AM,49 °F,49 °F,100 %,E,22 mph,32 mph,29.15 in,0.1 in,Light Rain / Windy
2025-04-20,10:52 AM,49 °F,49 °F,100 %,E,21 mph,33 mph,29.14 in,0.1 in,Rain / Windy
2025-04-20,11:10 AM,50 °F,50 °F,100 %,E,21 mph,32 mph,29.13 in,0.0 in,Light Rain / Windy
2025-04-20,11:13 AM,50 °F,50 °F,100 %,E,22 mph,32 mph,29.13 in,0.0 in,Light Rain / Windy
2025-04-20,11:27 AM,50 °F,49 °F,96 %,ESE,23 mph,0 mph,29.13 in,0.0 in,Light Rain / Windy
2025-04-20,11:52 AM,50 °F,48 °F,93 %,E,21 mph,35 mph,29.10 in,0.1 in,Light Rain / Windy
2025-04-20,12:17 PM,50 °F,49 °F,96 %,E,21 mph,32 mph,29.09 in,0.0 in,Light Rain / Windy
2025-04-20,12:24 PM,50 °F,49 °F,96 %,ESE,21 mph,30 mph,29.09 in,0.0 in,Rain / Windy
2025-04-20,12:41 PM,50 °F,48 °F,93 %,ESE,24 mph,35 mph,29.09 in,0.0 in,Light Rain / Windy
2025-04-20,12:52 PM,51 °F,49 °F,92 %,E,21 mph,32 mph,29.07 in,0.0 in,Light Rain / Windy
2025-04-20,1:52 PM,51 °F,49 °F,92 %,ESE,21 mph,35 mph,29.03 in,0.0 in,Cloudy / Windy
2025-04-20,2:52 PM,52 °F,49 °F,89 %,E,24 mph,36 mph,28.97 in,0.0 in,Cloudy / Windy
2025-04-20,3:05 PM,51 °F,49 °F,92 %,E,25 mph,36 mph,28.97 in,0.0 in,Mist / Windy
2025-04-20,3:15 PM,51 °F,50 °F,96 %,E,21 mph,31 mph,28.97 in,0.0 in,Mist / Windy
2025-04-20,3:29 PM,51 °F,50 °F,96 %,E,20 mph,29 mph,28.96 in,0.0 in,Mist
2025-04-20,3:52 PM,51 °F,50 °F,96 %,E,23 mph,32 mph,28.95 in,0.0 in,Mist / Windy
2025-04-20,4:40 PM,51 °F,50 °F,96 %,E,23 mph,0 mph,28.90 in,0.0 in,Light Rain / Windy
2025-04-20,4:52 PM,51 °F,50 °F,96 %,E,20 mph,28 mph,28.90 in,0.0 in,Light Rain
2025-04-20,4:59 PM,51 °F,50 °F,96 %,E,21 mph,31 mph,28.88 in,0.0 in,Light Rain / Windy
2025-04-20,5:14 PM,51 °F,50 °F,96 %,E,16 mph,30 mph,28.87 in,0.0 in,Light Rain
2025-04-20,5:27 PM,51 °F,50 °F,96 %,ESE,18 mph,31 mph,28.88 in,0.0 in,Light Rain
2025-04-20,5:49 PM,52 °F,50 °F,94 %,E,16 mph,28 mph,28.87 in,0.0 in,T-Storm
2025-04-20,5:52 PM,51 °F,50 °F,96 %,E,16 mph,0 mph,28.86 in,0.0 in,T-Storm
2025-04-20,6:02 PM,51 °F,50 °F,96 %,E,14 mph,0 mph,28.86 in,0.0 in,Heavy T-Storm
2025-04-20,6:07 PM,51 °F,51 °F,100 %,E,16 mph,0 mph,28.86 in,0.2 in,Heavy Rain
2025-04-20,6:17 PM,51 °F,50 °F,96 %,E,17 mph,24 mph,28.86 in,0.3 in,Heavy T-Storm
2025-04-20,6:25 PM,51 °F,50 °F,96 %,E,17 mph,0 mph,28.85 in,0.4 in,Heavy T-Storm
2025-04-20,6:28 PM,51 °F,50 °F,96 %,E,15 mph,0 mph,28.85 in,0.4 in,Heavy Rain
2025-04-20,6:39 PM,51 °F,50 °F,96 %,E,10 mph,25 mph,28.84 in,0.6 in,Heavy Rain
2025-04-20,6:44 PM,51 °F,51 °F,100 %,SW,6 mph,22 mph,28.86 in,0.7 in,Heavy T-Storm
2025-04-20,6:52 PM,51 °F,51 °F,100 %,N,8 mph,0 mph,28.86 in,0.8 in,Heavy T-Storm
2025-04-20,7:02 PM,51 °F,51 °F,100 %,VAR,5 mph,0 mph,28.88 in,0.1 in,Heavy T-Storm
2025-04-20,7:05 PM,51 °F,51 °F,100 %,NNE,3 mph,0 mph,28.87 in,0.3 in,Heavy T-Storm
2025-04-20,7:14 PM,51 °F,51 °F,100 %,NE,10 mph,0 mph,28.86 in,0.3 in,Heavy T-Storm
2025-04-20,7:17 PM,51 °F,51 °F,100 %,SSW,13 mph,20 mph,28.89 in,0.4 in,Heavy T-Storm
2025-04-20,7:24 PM,51 °F,51 °F,100 %,ENE,12 mph,20 mph,28.86 in,0.5 in,Heavy Rain
2025-04-20,7:28 PM,52 °F,52 °F,100 %,ENE,13 mph,0 mph,28.84 in,0.5 in,Heavy T-Storm
2025-04-20,7:42 PM,53 °F,52 °F,96 %,ENE,16 mph,0 mph,28.83 in,0.8 in,Heavy T-Storm
2025-04-20,7:52 PM,53 °F,53 °F,100 %,ENE,13 mph,0 mph,28.82 in,0.8 in,T-Storm
2025-04-20,7:57 PM,53 °F,53 °F,100 %,ENE,12 mph,0 mph,28.83 in,0.0 in,T-Storm
2025-04-20,8:18 PM,53 °F,53 °F,100 %,NE,15 mph,0 mph,28.79 in,0.1 in,Heavy Rain
2025-04-20,8:52 PM,52 °F,52 °F,100 %,NE,20 mph,0 mph,28.76 in,0.3 in,Rain
2025-04-20,8:56 PM,52 °F,52 °F,100 %,NE,31 mph,39 mph,28.68 in,0.0 in,Rain / Windy
2025-04-20,9:00 PM,52 °F,51 °F,97 %,NE,29 mph,39 mph,28.65 in,0.0 in,Rain / Windy
2025-04-20,9:52 PM,51 °F,51 °F,100 %,ENE,15 mph,0 mph,28.66 in,0.0 in,Fair
2025-04-20,10:30 PM,51 °F,51 °F,100 %,W,10 mph,30 mph,28.74 in,0.0 in,Light Rain
2025-04-20,10:39 PM,52 °F,52 °F,100 %,SSW,14 mph,22 mph,28.74 in,0.0 in,Light Rain
2025-04-20,10:52 PM,52 °F,52 °F,100 %,SSW,7 mph,0 mph,28.73 in,0.0 in,Light Rain
2025-04-20,11:11 PM,52 °F,52 °F,100 %,S,5 mph,0 mph,28.71 in,0.0 in,Light Rain
2025-04-20,11:19 PM,52 °F,52 °F,100 %,S,6 mph,0 mph,28.72 in,0.0 in,Rain
2025-04-20,11:27 PM,52 °F,0 °F,0 %,SSW,5 mph,0 mph,28.71 in,0.1 in,Rain
2025-04-20,11:36 PM,52 °F,0 °F,0 %,SSW,7 mph,0 mph,28.71 in,0.1 in,Light Rain
2025-04-20,11:52 PM,53 °F,53 °F,100 %,S,8 mph,0 mph,28.71 in,0.1 in,Light Rain
2025-04-21,12:14 AM,53 °F,53 °F,100 %,SSW,9 mph,0 mph,28.71 in,0.0 in,Light Rain
2025-04-21,12:38 AM,54 °F,53 °F,97 %,SW,20 mph,31 mph,28.70 in,0.0 in,Cloudy
2025-04-21,12:52 AM,53 °F,53 °F,100 %,SW,17 mph,0 mph,28.71 in,0.0 in,Cloudy
2025-04-21,1:52 AM,51 °F,51 °F,100 %,SW,21 mph,0 mph,28.71 in,0.0 in,Mist / Windy
2025-04-21,2:04 AM,51 °F,51 °F,100 %,WSW,18 mph,0 mph,28.71 in,0.0 in,Mist
2025-04-21,2:14 AM,48 °F,48 °F,100 %,W,23 mph,0 mph,28.72 in,0.0 in,Cloudy / Windy
2025-04-21,2:52 AM,46 °F,46 °F,100 %,W,24 mph,31 mph,28.75 in,0.0 in,Mist / Windy
2025-04-21,3:00 AM,45 °F,45 °F,100 %,W,23 mph,33 mph,28.76 in,0.0 in,Mist / Windy
2025-04-21,3:12 AM,45 °F,45 °F,100 %,W,26 mph,33 mph,28.77 in,0.0 in,Mist / Windy
2025-04-21,3:52 AM,44 °F,44 °F,100 %,WNW,22 mph,36 mph,28.79 in,0.0 in,Cloudy / Windy
2025-04-21,4:52 AM,44 °F,44 °F,100 %,W,20 mph,0 mph,28.82 in,0.0 in,Cloudy
2025-04-21,5:52 AM,44 °F,44 °F,100 %,W,22 mph,29 mph,28.86 in,0.0 in,Cloudy / Windy
2025-04-21,6:52 AM,44 °F,40 °F,85 %,WNW,22 mph,30 mph,28.91 in,0.0 in,Cloudy / Windy
2025-04-21,7:52 AM,45 °F,41 °F,86 %,W,18 mph,28 mph,28.94 in,0.0 in,Cloudy
2025-04-21,8:52 AM,47 °F,42 °F,83 %,WNW,21 mph,32 mph,28.96 in,0.0 in,Cloudy / Windy
2025-04-21,9:52 AM,48 °F,42 °F,80 %,WNW,23 mph,30 mph,28.98 in,0.0 in,Cloudy / Windy
2025-04-21,10:52 AM,51 °F,43 °F,74 %,WNW,25 mph,36 mph,29.00 in,0.0 in,Mostly Cloudy / Windy
2025-04-21,11:52 AM,54 °F,45 °F,72 %,WNW,24 mph,37 mph,29.02 in,0.0 in,Mostly Cloudy / Windy
2025-04-21,12:22 PM,55 °F,44 °F,67 %,NW,21 mph,32 mph,29.02 in,0.0 in,Mostly Cloudy / Windy
2025-04-21,12:37 PM,54 °F,44 °F,69 %,NW,21 mph,28 mph,29.02 in,0.0 in,Cloudy / Windy
2025-04-21,12:44 PM,55 °F,44 °F,67 %,WNW,20 mph,0 mph,29.03 in,0.0 in,Mostly Cloudy
2025-04-21,12:52 PM,54 °F,44 °F,69 %,NW,21 mph,29 mph,29.03 in,0.0 in,Cloudy / Windy
2025-04-21,1:00 PM,54 °F,43 °F,66 %,WNW,23 mph,30 mph,29.03 in,0.0 in,Cloudy / Windy
2025-04-21,1:52 PM,55 °F,44 °F,67 %,WNW,21 mph,29 mph,29.03 in,0.0 in,Mostly Cloudy / Windy
2025-04-21,2:52 PM,59 °F,45 °F,60 %,W,17 mph,25 mph,29.04 in,0.0 in,Mostly Cloudy
2025-04-21,3:52 PM,61 °F,44 °F,54 %,W,15 mph,0 mph,29.04 in,0.0 in,Partly Cloudy
2025-04-21,4:52 PM,61 °F,45 °F,56 %,W,13 mph,18 mph,29.04 in,0.0 in,Fair
2025-04-21,5:52 PM,61 °F,44 °F,54 %,W,13 mph,0 mph,29.04 in,0.0 in,Fair
2025-04-21,6:52 PM,60 °F,45 °F,57 %,WSW,8 mph,0 mph,29.05 in,0.0 in,Fair
2025-04-21,7:52 PM,54 °F,45 °F,72 %,SW,5 mph,0 mph,29.06 in,0.0 in,Fair
2025-04-21,8:52 PM,54 °F,44 °F,69 %,CALM,0 mph,0 mph,29.07 in,0.0 in,Fair
2025-04-21,9:52 PM,49 °F,43 °F,80 %,SE,3 mph,0 mph,29.08 in,0.0 in,Fair
2025-04-21,10:52 PM,48 °F,43 °F,83 %,ESE,3 mph,0 mph,29.09 in,0.0 in,Fair
2025-04-21,11:52 PM,45 °F,41 °F,86 %,ESE,6 mph,0 mph,29.09 in,0.0 in,Fair
2025-04-22,12:52 AM,47 °F,42 °F,83 %,CALM,0 mph,0 mph,29.12 in,0.0 in,Fair
2025-04-22,1:52 AM,45 °F,42 °F,90 %,E,6 mph,0 mph,29.12 in,0.0 in,Fair
2025-04-22,2:52 AM,47 °F,43 °F,86 %,SE,5 mph,0 mph,29.11 in,0.0 in,Mostly Cloudy
2025-04-22,3:52 AM,50 °F,45 °F,83 %,ESE,7 mph,0 mph,29.07 in,0.0 in,Light Rain
2025-04-22,4:52 AM,51 °F,45 °F,80 %,S,12 mph,0 mph,29.06 in,0.0 in,Fair
2025-04-22,5:52 AM,50 °F,46 °F,86 %,SE,12 mph,0 mph,29.05 in,0.0 in,T-Storm
2025-04-22,6:27 AM,50 °F,47 °F,89 %,S,12 mph,0 mph,29.07 in,0.0 in,Light Rain
2025-04-22,6:37 AM,50 °F,47 °F,89 %,SSE,14 mph,0 mph,29.06 in,0.0 in,T-Storm
2025-04-22,6:50 AM,50 °F,46 °F,87 %,VAR,6 mph,0 mph,29.09 in,0.0 in,Light Rain with Thunder
2025-04-22,6:52 AM,50 °F,47 °F,89 %,N,10 mph,0 mph,29.09 in,0.0 in,Light Rain with Thunder
2025-04-22,7:15 AM,53 °F,47 °F,80 %,SSE,18 mph,25 mph,29.04 in,0.0 in,Cloudy
2025-04-22,7:25 AM,53 °F,48 °F,83 %,SE,16 mph,30 mph,29.05 in,0.0 in,Cloudy
2025-04-22,7:52 AM,52 °F,49 °F,89 %,ESE,8 mph,0 mph,29.05 in,0.0 in,Mostly Cloudy
2025-04-22,8:52 AM,55 °F,49 °F,80 %,S,13 mph,25 mph,29.04 in,0.0 in,Fair
2025-04-22,9:52 AM,60 °F,51 °F,72 %,S,17 mph,0 mph,29.04 in,0.0 in,Fair
2025-04-22,10:52 AM,64 °F,54 °F,70 %,SW,13 mph,0 mph,29.04 in,0.0 in,Fair
2025-04-22,11:52 AM,68 °F,55 °F,63 %,W,9 mph,17 mph,29.03 in,0.0 in,Fair
2025-04-22,12:52 PM,71 °F,56 °F,59 %,SW,9 mph,0 mph,29.04 in,0.0 in,Fair
2025-04-22,1:52 PM,72 °F,58 °F,61 %,W,10 mph,17 mph,29.04 in,0.0 in,Mostly Cloudy
2025-04-22,2:52 PM,71 °F,57 °F,61 %,SW,12 mph,0 mph,29.03 in,0.0 in,Partly Cloudy
2025-04-22,3:52 PM,70 °F,57 °F,63 %,WSW,5 mph,0 mph,29.04 in,0.0 in,Fair
2025-04-22,4:52 PM,74 °F,51 °F,45 %,VAR,5 mph,0 mph,29.04 in,0.0 in,Fair
2025-04-22,5:52 PM,71 °F,55 °F,57 %,W,6 mph,0 mph,29.05 in,0.0 in,Fair
2025-04-22,6:52 PM,70 °F,56 °F,61 %,CALM,0 mph,0 mph,29.05 in,0.0 in,Mostly Cloudy
2025-04-22,7:52 PM,64 °F,59 °F,84 %,S,7 mph,0 mph,29.06 in,0.0 in,N/A
2025-04-22,8:52 PM,63 °F,57 °F,81 %,WSW,3 mph,0 mph,29.09 in,0.0 in,Cloudy
2025-04-22,9:52 PM,60 °F,56 °F,86 %,CALM,0 mph,0 mph,29.10 in,0.0 in,Fair
2025-04-22,10:52 PM,58 °F,56 °F,93 %,SSE,6 mph,0 mph,29.09 in,0.0 in,Partly Cloudy
2025-04-22,11:52 PM,60 °F,55 °F,83 %,ESE,3 mph,0 mph,29.07 in,0.0 in,Mostly Cloudy
2025-04-23,12:21 AM,60 °F,55 °F,83 %,SSE,6 mph,0 mph,29.08 in,0.0 in,Thunder in the Vicinity
2025-04-23,12:49 AM,63 °F,54 °F,72 %,N,10 mph,0 mph,29.12 in,0.0 in,Thunder
2025-04-23,12:52 AM,62 °F,51 °F,67 %,N,7 mph,0 mph,29.12 in,0.0 in,Thunder
2025-04-23,1:06 AM,60 °F,50 °F,69 %,SSE,7 mph,0 mph,29.14 in,0.1 in,T-Storm
2025-04-23,1:13 AM,59 °F,52 °F,78 %,S,8 mph,0 mph,29.14 in,0.1 in,T-Storm
2025-04-23,1:52 AM,58 °F,51 °F,78 %,SE,14 mph,0 mph,29.12 in,0.3 in,Heavy T-Storm
2025-04-23,2:28 AM,60 °F,50 °F,69 %,SE,12 mph,32 mph,29.08 in,0.0 in,Thunder in the Vicinity
2025-04-23,2:40 AM,60 °F,50 °F,69 %,S,15 mph,25 mph,29.07 in,0.0 in,Mostly Cloudy
2025-04-23,2:52 AM,61 °F,51 °F,70 %,SE,14 mph,25 mph,29.07 in,0.0 in,Fair
2025-04-23,3:52 AM,60 °F,51 °F,72 %,SSE,13 mph,0 mph,29.09 in,0.0 in,Thunder
2025-04-23,4:08 AM,60 °F,51 °F,72 %,SE,7 mph,0 mph,29.10 in,0.0 in,Thunder in the Vicinity
2025-04-23,4:25 AM,59 °F,51 °F,75 %,ESE,12 mph,0 mph,29.10 in,0.0 in,Cloudy
2025-04-23,4:52 AM,59 °F,51 °F,75 %,SE,15 mph,0 mph,29.10 in,0.0 in,Mostly Cloudy
2025-04-23,5:52 AM,58 °F,51 °F,78 %,SE,13 mph,0 mph,29.10 in,0.0 in,Cloudy
2025-04-23,6:52 AM,58 °F,52 °F,81 %,NNW,14 mph,26 mph,29.20 in,0.0 in,Mostly Cloudy
2025-04-23,6:58 AM,60 °F,51 °F,72 %,NE,13 mph,22 mph,29.19 in,0.0 in,Mostly Cloudy
2025-04-23,7:52 AM,57 °F,54 °F,89 %,NE,14 mph,0 mph,29.19 in,0.0 in,Light Rain
2025-04-23,8:52 AM,58 °F,54 °F,87 %,NE,6 mph,0 mph,29.22 in,0.0 in,Mostly Cloudy
2025-04-23,9:52 AM,59 °F,54 °F,83 %,ENE,14 mph,0 mph,29.20 in,0.0 in,Partly Cloudy
2025-04-23,10:52 AM,64 °F,55 °F,72 %,ESE,20 mph,28 mph,29.16 in,0.0 in,Fair
2025-04-23,11:52 AM,67 °F,57 °F,70 %,SSE,18 mph,28 mph,29.16 in,0.0 in,Mostly Cloudy
2025-04-23,12:52 PM,68 °F,56 °F,65 %,SSE,18 mph,28 mph,29.15 in,0.0 in,Cloudy
2025-04-23,1:52 PM,72 °F,57 °F,59 %,SSE,14 mph,0 mph,29.14 in,0.0 in,Partly Cloudy
2025-04-23,2:52 PM,74 °F,57 °F,55 %,SSE,10 mph,22 mph,29.13 in,0.0 in,Mostly Cloudy
2025-04-23,3:52 PM,76 °F,58 °F,54 %,S,15 mph,20 mph,29.11 in,0.0 in,Fair
2025-04-23,4:52 PM,74 °F,59 °F,59 %,SE,5 mph,0 mph,29.10 in,0.0 in,Cloudy
2025-04-23,5:52 PM,76 °F,57 °F,52 %,CALM,0 mph,0 mph,29.11 in,0.0 in,Mostly Cloudy
2025-04-23,6:52 PM,73 °F,58 °F,59 %,NE,6 mph,0 mph,29.10 in,0.0 in,Mostly Cloudy
2025-04-23,7:52 PM,71 °F,57 °F,61 %,NE,9 mph,0 mph,29.11 in,0.0 in,Cloudy
2025-04-23,8:52 PM,69 °F,58 °F,68 %,NNE,8 mph,0 mph,29.12 in,0.0 in,Cloudy
2025-04-23,9:52 PM,67 °F,58 °F,73 %,CALM,0 mph,0 mph,29.12 in,0.0 in,Fair
2025-04-23,10:52 PM,68 °F,55 °F,63 %,SSE,5 mph,0 mph,29.12 in,0.0 in,Cloudy
2025-04-23,11:52 PM,64 °F,55 °F,72 %,CALM,0 mph,0 mph,29.13 in,0.0 in,Mostly Cloudy
2025-04-24,12:52 AM,65 °F,56 °F,73 %,CALM,0 mph,0 mph,29.14 in,0.0 in,Mostly Cloudy
2025-04-24,1:52 AM,62 °F,58 °F,86 %,N,13 mph,0 mph,29.15 in,0.0 in,Partly Cloudy
2025-04-24,2:52 AM,62 °F,58 °F,86 %,NNE,12 mph,0 mph,29.16 in,0.0 in,Partly Cloudy
2025-04-24,3:23 AM,61 °F,57 °F,87 %,N,17 mph,0 mph,29.17 in,0.0 in,Mostly Cloudy
2025-04-24,3:52 AM,61 °F,56 °F,83 %,NNE,15 mph,0 mph,29.18 in,0.0 in,Fair
2025-04-24,4:52 AM,61 °F,56 °F,83 %,NE,12 mph,0 mph,29.16 in,0.0 in,Fair
2025-04-24,5:52 AM,60 °F,54 °F,80 %,NE,15 mph,0 mph,29.16 in,0.0 in,Fair
2025-04-24,6:52 AM,59 °F,55 °F,87 %,E,8 mph,0 mph,29.16 in,0.0 in,Fair
2025-04-24,7:52 AM,60 °F,55 °F,83 %,E,12 mph,0 mph,29.17 in,0.0 in,Fair
2025-04-24,8:52 AM,63 °F,57 °F,81 %,E,15 mph,0 mph,29.16 in,0.0 in,Mostly Cloudy
2025-04-24,9:52 AM,66 °F,57 °F,73 %,ESE,14 mph,0 mph,29.17 in,0.0 in,Fair
2025-04-24,10:52 AM,69 °F,58 °F,68 %,E,10 mph,0 mph,29.17 in,0.0 in,Fair
2025-04-24,11:52 AM,71 °F,58 °F,63 %,VAR,3 mph,0 mph,29.18 in,0.0 in,Mostly Cloudy
2025-04-24,12:52 PM,75 °F,58 °F,55 %,N,5 mph,0 mph,29.16 in,0.0 in,Fair
2025-04-24,1:52 PM,76 °F,60 °F,58 %,NNE,10 mph,0 mph,29.14 in,0.0 in,Partly Cloudy
2025-04-24,2:52 PM,75 °F,59 °F,57 %,N,9 mph,0 mph,29.13 in,0.0 in,Fair
2025-04-24,3:52 PM,74 °F,59 °F,59 %,NNW,9 mph,0 mph,29.10 in,0.0 in,Partly Cloudy
2025-04-24,4:52 PM,72 °F,60 °F,66 %,N,10 mph,0 mph,29.09 in,0.0 in,Partly Cloudy
2025-04-24,5:52 PM,70 °F,59 °F,68 %,N,13 mph,0 mph,29.09 in,0.0 in,Cloudy
2025-04-24,6:52 PM,68 °F,59 °F,73 %,N,12 mph,0 mph,29.08 in,0.0 in,Cloudy
2025-04-24,7:52 PM,66 °F,57 °F,73 %,NNE,13 mph,0 mph,29.08 in,0.0 in,Mostly Cloudy
2025-04-24,8:52 PM,65 °F,56 °F,73 %,NNE,13 mph,0 mph,29.09 in,0.0 in,Fair
2025-04-24,9:52 PM,65 °F,55 °F,70 %,NE,12 mph,0 mph,29.09 in,0.0 in,Mostly Cloudy
2025-04-24,10:52 PM,63 °F,55 °F,75 %,NE,12 mph,0 mph,29.08 in,0.0 in,Cloudy
2025-04-24,11:52 PM,63 °F,54 °F,72 %,ENE,14 mph,0 mph,29.06 in,0.0 in,Partly Cloudy
2025-04-25,12:52 AM,62 °F,54 °F,75 %,ENE,13 mph,0 mph,29.05 in,0.0 in,Partly Cloudy
2025-04-25,1:52 AM,62 °F,54 °F,75 %,E,14 mph,0 mph,29.03 in,0.0 in,Mostly Cloudy
2025-04-25,2:52 AM,61 °F,53 °F,75 %,E,17 mph,0 mph,29.02 in,0.0 in,Fair
2025-04-25,3:52 AM,59 °F,52 °F,78 %,E,12 mph,22 mph,29.03 in,0.0 in,Cloudy
2025-04-25,4:52 AM,56 °F,50 °F,80 %,E,8 mph,0 mph,29.06 in,0.0 in,Light Rain
2025-04-25,5:52 AM,55 °F,48 °F,77 %,N,5 mph,0 mph,29.08 in,0.0 in,Partly Cloudy
2025-04-25,6:52 AM,54 °F,46 °F,75 %,NE,13 mph,0 mph,29.06 in,0.0 in,Cloudy
2025-04-25,7:52 AM,55 °F,48 °F,77 %,NE,13 mph,0 mph,29.07 in,0.0 in,Cloudy
2025-04-25,8:52 AM,56 °F,49 °F,77 %,ENE,9 mph,0 mph,29.07 in,0.0 in,Cloudy
2025-04-25,9:52 AM,59 °F,49 °F,69 %,N,10 mph,0 mph,29.08 in,0.0 in,Cloudy
2025-04-25,10:52 AM,58 °F,48 °F,70 %,N,9 mph,0 mph,29.10 in,0.0 in,Cloudy
2025-04-25,11:52 AM,57 °F,49 °F,74 %,N,10 mph,0 mph,29.12 in,0.0 in,Cloudy
2025-04-25,12:52 PM,58 °F,49 °F,72 %,N,14 mph,0 mph,29.13 in,0.0 in,Cloudy
2025-04-25,1:52 PM,57 °F,50 °F,77 %,N,16 mph,0 mph,29.14 in,0.0 in,Cloudy
2025-04-25,2:26 PM,57 °F,49 °F,74 %,N,14 mph,0 mph,29.14 in,0.0 in,Cloudy
2025-04-25,2:52 PM,57 °F,50 °F,77 %,NNE,14 mph,0 mph,29.14 in,0.0 in,Cloudy
2025-04-25,3:52 PM,55 °F,49 °F,80 %,NNW,17 mph,0 mph,29.16 in,0.0 in,Cloudy
2025-04-25,4:52 PM,54 °F,48 °F,80 %,N,14 mph,0 mph,29.17 in,0.0 in,Cloudy
2025-04-25,5:52 PM,54 °F,48 °F,80 %,N,15 mph,0 mph,29.18 in,0.0 in,Cloudy
2025-04-25,6:52 PM,53 °F,47 °F,80 %,N,15 mph,0 mph,29.19 in,0.0 in,Cloudy
2025-04-25,7:12 PM,53 °F,47 °F,80 %,N,16 mph,24 mph,29.20 in,0.0 in,Cloudy
2025-04-25,7:52 PM,53 °F,47 °F,80 %,NNE,14 mph,0 mph,29.21 in,0.0 in,Cloudy
2025-04-25,8:52 PM,52 °F,47 °F,83 %,N,17 mph,0 mph,29.23 in,0.0 in,Cloudy
2025-04-25,9:28 PM,51 °F,47 °F,86 %,N,14 mph,23 mph,29.24 in,0.0 in,Cloudy
2025-04-25,9:43 PM,51 °F,47 °F,86 %,NNE,14 mph,0 mph,29.25 in,0.0 in,Cloudy
2025-04-25,9:52 PM,52 °F,47 °F,83 %,N,13 mph,0 mph,29.25 in,0.0 in,Cloudy
2025-04-25,10:32 PM,52 °F,46 °F,80 %,N,13 mph,0 mph,29.25 in,0.0 in,Cloudy
2025-04-25,10:52 PM,52 °F,46 °F,80 %,N,13 mph,0 mph,29.26 in,0.0 in,Cloudy
2025-04-25,11:52 PM,51 °F,45 °F,80 %,N,10 mph,0 mph,29.28 in,0.0 in,Cloudy
2025-04-26,12:00 AM,51 °F,45 °F,80 %,N,10 mph,0 mph,29.28 in,0.0 in,Cloudy
2025-04-26,12:52 AM,49 °F,45 °F,86 %,N,8 mph,0 mph,29.30 in,0.0 in,Partly Cloudy
2025-04-26,1:52 AM,46 °F,44 °F,93 %,NW,5 mph,0 mph,29.31 in,0.0 in,Fair
2025-04-26,2:52 AM,49 °F,44 °F,83 %,N,10 mph,0 mph,29.30 in,0.0 in,Mostly Cloudy
2025-04-26,3:52 AM,46 °F,40 °F,79 %,N,10 mph,0 mph,29.31 in,0.0 in,Fair
2025-04-26,4:52 AM,44 °F,39 °F,82 %,N,7 mph,0 mph,29.32 in,0.0 in,Fair
2025-04-26,5:52 AM,43 °F,37 °F,80 %,N,8 mph,0 mph,29.34 in,0.0 in,Fair
2025-04-26,6:52 AM,43 °F,37 °F,80 %,NNE,9 mph,0 mph,29.35 in,0.0 in,Fair
2025-04-26,7:52 AM,47 °F,38 °F,71 %,NE,14 mph,0 mph,29.36 in,0.0 in,Fair
2025-04-26,8:52 AM,50 °F,38 °F,63 %,NE,12 mph,0 mph,29.38 in,0.0 in,Fair
2025-04-26,9:52 AM,52 °F,38 °F,59 %,ENE,12 mph,0 mph,29.38 in,0.0 in,Fair
2025-04-26,10:52 AM,54 °F,38 °F,55 %,E,7 mph,0 mph,29.39 in,0.0 in,Fair
2025-04-26,11:52 AM,56 °F,38 °F,51 %,NE,7 mph,17 mph,29.39 in,0.0 in,Fair
2025-04-26,12:52 PM,58 °F,38 °F,47 %,NE,9 mph,20 mph,29.37 in,0.0 in,Fair
2025-04-26,1:52 PM,61 °F,38 °F,42 %,NE,9 mph,0 mph,29.36 in,0.0 in,Fair
2025-04-26,2:52 PM,62 °F,37 °F,39 %,ESE,9 mph,0 mph,29.35 in,0.0 in,Fair
2025-04-26,3:52 PM,63 °F,36 °F,37 %,E,12 mph,0 mph,29.33 in,0.0 in,Fair
2025-04-26,4:52 PM,64 °F,36 °F,35 %,ESE,14 mph,0 mph,29.31 in,0.0 in,Fair
2025-04-26,5:52 PM,62 °F,36 °F,38 %,ESE,9 mph,0 mph,29.30 in,0.0 in,Fair
2025-04-26,6:52 PM,60 °F,36 °F,41 %,ESE,9 mph,0 mph,29.30 in,0.0 in,Fair
2025-04-26,7:52 PM,55 °F,38 °F,53 %,E,8 mph,0 mph,29.30 in,0.0 in,Fair
2025-04-26,8:52 PM,51 °F,38 °F,61 %,E,8 mph,0 mph,29.30 in,0.0 in,Fair
2025-04-26,9:52 PM,49 °F,39 °F,69 %,E,9 mph,0 mph,29.31 in,0.0 in,Fair
2025-04-26,10:52 PM,48 °F,39 °F,71 %,ESE,8 mph,0 mph,29.31 in,0.0 in,Fair
2025-04-26,11:52 PM,48 °F,39 °F,71 %,ESE,10 mph,0 mph,29.30 in,0.0 in,Fair
2025-04-27,12:52 AM,46 °F,39 °F,76 %,E,9 mph,0 mph,29.31 in,0.0 in,Partly Cloudy
2025-04-27,1:52 AM,49 °F,39 °F,69 %,SE,10 mph,0 mph,29.30 in,0.0 in,Fair
2025-04-27,2:52 AM,48 °F,40 °F,74 %,ESE,10 mph,0 mph,29.28 in,0.0 in,Fair
2025-04-27,3:52 AM,46 °F,39 °F,76 %,ESE,9 mph,0 mph,29.29 in,0.0 in,Fair
2025-04-27,4:52 AM,47 °F,39 °F,74 %,SE,9 mph,0 mph,29.31 in,0.0 in,Fair
2025-04-27,5:52 AM,46 °F,37 °F,71 %,SE,10 mph,0 mph,29.31 in,0.0 in,Fair
2025-04-27,6:52 AM,44 °F,38 °F,79 %,ESE,10 mph,0 mph,29.31 in,0.0 in,Fair
2025-04-27,7:52 AM,49 °F,36 °F,61 %,SE,15 mph,0 mph,29.30 in,0.0 in,Fair
2025-04-27,8:52 AM,52 °F,35 °F,53 %,SE,12 mph,0 mph,29.30 in,0.0 in,Fair
2025-04-27,9:52 AM,56 °F,34 °F,44 %,SSE,12 mph,0 mph,29.30 in,0.0 in,Fair
2025-04-27,10:52 AM,60 °F,34 °F,38 %,SSE,14 mph,22 mph,29.28 in,0.0 in,Fair
2025-04-27,11:52 AM,62 °F,40 °F,44 %,S,13 mph,0 mph,29.26 in,0.0 in,Fair
2025-04-27,12:52 PM,63 °F,43 °F,48 %,S,16 mph,24 mph,29.24 in,0.0 in,Cloudy
2025-04-27,1:52 PM,64 °F,45 °F,50 %,SSE,17 mph,29 mph,29.21 in,0.0 in,Mostly Cloudy
2025-04-27,2:52 PM,66 °F,46 °F,48 %,S,14 mph,23 mph,29.18 in,0.0 in,Cloudy
2025-04-27,3:52 PM,67 °F,47 °F,49 %,SSE,16 mph,25 mph,29.15 in,0.0 in,Cloudy
2025-04-27,4:52 PM,67 °F,47 °F,49 %,SSE,18 mph,28 mph,29.14 in,0.0 in,Mostly Cloudy
2025-04-27,5:52 PM,67 °F,49 °F,52 %,SSE,16 mph,25 mph,29.11 in,0.0 in,Mostly Cloudy
2025-04-27,6:52 PM,66 °F,50 °F,56 %,S,12 mph,20 mph,29.11 in,0.0 in,Cloudy
2025-04-27,7:52 PM,64 °F,49 °F,58 %,S,10 mph,0 mph,29.11 in,0.0 in,Cloudy
2025-04-27,8:52 PM,63 °F,48 °F,58 %,S,12 mph,0 mph,29.11 in,0.0 in,Cloudy
2025-04-27,9:35 PM,62 °F,48 °F,60 %,SSE,14 mph,0 mph,29.11 in,0.0 in,Cloudy
2025-04-27,9:42 PM,62 °F,47 °F,58 %,SSE,16 mph,23 mph,29.11 in,0.0 in,Cloudy
2025-04-27,9:52 PM,61 °F,48 °F,62 %,SSE,14 mph,0 mph,29.11 in,0.0 in,Cloudy
2025-04-27,10:38 PM,60 °F,48 °F,64 %,S,12 mph,0 mph,29.10 in,0.0 in,Cloudy
2025-04-27,10:52 PM,60 °F,48 °F,64 %,S,10 mph,0 mph,29.11 in,0.0 in,Cloudy
2025-04-27,11:17 PM,59 °F,48 °F,67 %,SSE,13 mph,0 mph,29.10 in,0.0 in,Partly Cloudy
2025-04-27,11:52 PM,59 °F,48 °F,67 %,SSE,13 mph,0 mph,29.11 in,0.0 in,Mostly Cloudy
2025-04-27,11:59 PM,59 °F,48 °F,67 %,SSE,13 mph,0 mph,29.11 in,0.0 in,Mostly Cloudy
2025-04-28,12:52 AM,59 °F,46 °F,62 %,SSE,16 mph,25 mph,29.10 in,0.0 in,Cloudy
2025-04-28,1:12 AM,59 °F,46 °F,62 %,SSE,18 mph,28 mph,29.09 in,0.0 in,Cloudy
2025-04-28,1:24 AM,59 °F,47 °F,64 %,SSE,15 mph,24 mph,29.10 in,0.0 in,Cloudy
2025-04-28,1:52 AM,59 °F,47 °F,64 %,S,13 mph,23 mph,29.10 in,0.0 in,Cloudy
2025-04-28,2:52 AM,59 °F,49 °F,69 %,SSE,14 mph,0 mph,29.08 in,0.0 in,Cloudy
2025-04-28,3:21 AM,58 °F,51 °F,78 %,SSE,17 mph,24 mph,29.07 in,0.0 in,Cloudy
2025-04-28,3:29 AM,58 °F,51 °F,78 %,SSE,13 mph,24 mph,29.07 in,0.0 in,Cloudy
2025-04-28,3:52 AM,57 °F,51 °F,81 %,SSE,12 mph,0 mph,29.06 in,0.0 in,Cloudy
2025-04-28,4:16 AM,56 °F,49 °F,77 %,SSE,13 mph,0 mph,29.05 in,0.0 in,Partly Cloudy
2025-04-28,4:52 AM,56 °F,49 °F,77 %,SSE,15 mph,0 mph,29.03 in,0.0 in,Fair
2025-04-28,5:52 AM,56 °F,50 °F,80 %,SSE,16 mph,23 mph,29.01 in,0.0 in,Mostly Cloudy
2025-04-28,6:27 AM,56 °F,51 °F,84 %,SSE,14 mph,0 mph,29.02 in,0.0 in,Mostly Cloudy
2025-04-28,6:52 AM,56 °F,51 °F,84 %,SSE,18 mph,29 mph,29.02 in,0.0 in,Cloudy
2025-04-28,7:24 AM,57 °F,52 °F,83 %,SSE,17 mph,29 mph,29.02 in,0.0 in,Cloudy
2025-04-28,7:39 AM,57 °F,53 °F,87 %,SSE,17 mph,26 mph,29.01 in,0.0 in,Cloudy
2025-04-28,7:52 AM,57 °F,53 °F,87 %,SSE,16 mph,25 mph,29.01 in,0.0 in,Cloudy
2025-04-28,8:52 AM,59 °F,55 °F,87 %,SSE,15 mph,0 mph,28.98 in,0.0 in,Cloudy
2025-04-28,9:08 AM,61 °F,56 °F,83 %,S,17 mph,26 mph,28.98 in,0.0 in,Cloudy
2025-04-28,9:52 AM,62 °F,57 °F,84 %,SSE,20 mph,29 mph,28.96 in,0.0 in,Cloudy
2025-04-28,10:52 AM,67 °F,60 °F,79 %,S,18 mph,33 mph,28.94 in,0.0 in,Mostly Cloudy
2025-04-28,11:25 AM,70 °F,62 °F,76 %,SSE,25 mph,40 mph,28.89 in,0.0 in,Partly Cloudy / Windy
2025-04-28,11:52 AM,73 °F,63 °F,71 %,S,24 mph,40 mph,28.88 in,0.0 in,Partly Cloudy / Windy
2025-04-28,12:13 PM,74 °F,63 °F,68 %,S,21 mph,37 mph,28.88 in,0.0 in,Mostly Cloudy / Windy
2025-04-28,12:52 PM,76 °F,64 °F,67 %,S,26 mph,37 mph,28.87 in,0.0 in,Mostly Cloudy / Windy
2025-04-28,1:20 PM,78 °F,65 °F,64 %,S,22 mph,36 mph,28.85 in,0.0 in,Partly Cloudy / Windy
2025-04-28,1:52 PM,77 °F,64 °F,64 %,SSW,26 mph,35 mph,28.86 in,0.0 in,Cloudy / Windy
2025-04-28,2:52 PM,79 °F,64 °F,60 %,S,23 mph,39 mph,28.82 in,0.0 in,Cloudy / Windy
2025-04-28,3:52 PM,80 °F,65 °F,60 %,S,23 mph,33 mph,28.77 in,0.0 in,Fair / Windy
2025-04-28,4:52 PM,80 °F,65 °F,60 %,S,37 mph,48 mph,28.78 in,0.0 in,Cloudy / Windy
2025-04-28,5:52 PM,79 °F,64 °F,60 %,S,24 mph,37 mph,28.77 in,0.0 in,Cloudy / Windy
2025-04-28,6:52 PM,79 °F,64 °F,60 %,SSW,22 mph,38 mph,28.76 in,0.0 in,Cloudy / Windy
2025-04-28,7:52 PM,78 °F,64 °F,62 %,SSW,24 mph,43 mph,28.77 in,0.0 in,Cloudy / Windy
2025-04-28,8:52 PM,77 °F,64 °F,64 %,SSW,30 mph,40 mph,28.76 in,0.0 in,Cloudy / Windy
2025-04-28,9:52 PM,75 °F,64 °F,69 %,SSW,26 mph,36 mph,28.77 in,0.0 in,Fair / Windy
2025-04-28,10:52 PM,74 °F,64 °F,71 %,SSW,22 mph,36 mph,28.78 in,0.0 in,Fair / Windy
2025-04-28,11:52 PM,74 °F,64 °F,71 %,SSW,20 mph,28 mph,28.77 in,0.0 in,Fair
2025-04-29,12:52 AM,71 °F,63 °F,75 %,SW,8 mph,0 mph,28.78 in,0.0 in,Fair
2025-04-29,1:52 AM,70 °F,61 °F,73 %,W,12 mph,0 mph,28.83 in,0.0 in,Fair
2025-04-29,2:52 AM,64 °F,57 °F,78 %,WNW,13 mph,0 mph,28.81 in,0.0 in,Fair
2025-04-29,3:52 AM,60 °F,55 °F,83 %,WNW,17 mph,32 mph,28.85 in,0.0 in,Fair
2025-04-29,4:18 AM,58 °F,54 °F,87 %,WNW,26 mph,35 mph,28.88 in,0.0 in,Mostly Cloudy / Windy
2025-04-29,4:52 AM,52 °F,46 °F,80 %,NW,25 mph,37 mph,28.92 in,0.0 in,Cloudy / Windy
2025-04-29,5:52 AM,48 °F,42 °F,80 %,WNW,29 mph,39 mph,28.98 in,0.0 in,Mostly Cloudy / Windy
2025-04-29,5:59 AM,48 °F,42 °F,80 %,WNW,25 mph,37 mph,28.99 in,0.0 in,Cloudy / Windy
2025-04-29,6:09 AM,48 °F,42 °F,80 %,NW,22 mph,37 mph,28.99 in,0.0 in,Cloudy / Windy
2025-04-29,6:21 AM,47 °F,42 °F,83 %,WNW,28 mph,38 mph,29.00 in,0.0 in,Cloudy / Windy
2025-04-29,6:33 AM,46 °F,41 °F,83 %,NW,24 mph,33 mph,29.01 in,0.0 in,Cloudy / Windy
2025-04-29,6:52 AM,47 °F,41 °F,80 %,WNW,24 mph,32 mph,29.02 in,0.0 in,Cloudy / Windy
2025-04-29,7:17 AM,47 °F,40 °F,77 %,WNW,25 mph,36 mph,29.04 in,0.0 in,Cloudy / Windy
2025-04-29,7:52 AM,48 °F,41 °F,77 %,WNW,23 mph,32 mph,29.06 in,0.0 in,Cloudy / Windy
2025-04-29,8:52 AM,48 °F,39 °F,71 %,WNW,22 mph,30 mph,29.09 in,0.0 in,Cloudy / Windy
2025-04-29,9:33 AM,50 °F,39 °F,66 %,NW,23 mph,30 mph,29.10 in,0.0 in,Partly Cloudy / Windy
2025-04-29,9:52 AM,51 °F,40 °F,66 %,NW,21 mph,0 mph,29.10 in,0.0 in,Fair / Windy
2025-04-29,10:52 AM,54 °F,41 °F,62 %,NW,18 mph,0 mph,29.12 in,0.0 in,Fair
2025-04-29,11:52 AM,57 °F,42 °F,57 %,WNW,15 mph,24 mph,29.14 in,0.0 in,Fair
2025-04-29,12:52 PM,60 °F,43 °F,53 %,NW,14 mph,23 mph,29.13 in,0.0 in,Fair
2025-04-29,1:52 PM,62 °F,43 °F,50 %,NW,15 mph,22 mph,29.14 in,0.0 in,Fair
2025-04-29,2:52 PM,65 °F,40 °F,40 %,NW,20 mph,30 mph,29.14 in,0.0 in,Fair
2025-04-29,3:52 PM,66 °F,36 °F,33 %,NW,16 mph,22 mph,29.13 in,0.0 in,Fair
2025-04-29,4:52 PM,66 °F,36 °F,33 %,NNW,12 mph,21 mph,29.13 in,0.0 in,Fair
2025-04-29,5:52 PM,65 °F,34 °F,32 %,NW,13 mph,0 mph,29.13 in,0.0 in,Fair
2025-04-29,6:52 PM,63 °F,31 °F,30 %,N,13 mph,0 mph,29.13 in,0.0 in,Fair
2025-04-29,7:52 PM,59 °F,33 °F,38 %,NNW,6 mph,0 mph,29.15 in,0.0 in,Fair
2025-04-29,8:52 PM,57 °F,32 °F,39 %,NW,3 mph,0 mph,29.16 in,0.0 in,Fair
2025-04-29,9:52 PM,53 °F,33 °F,47 %,N,3 mph,0 mph,29.16 in,0.0 in,Fair
2025-04-29,10:52 PM,52 °F,33 °F,49 %,NNE,3 mph,0 mph,29.17 in,0.0 in,Fair
2025-04-29,11:52 PM,52 °F,35 °F,53 %,NE,3 mph,0 mph,29.17 in,0.0 in,Fair
2025-04-30,12:52 AM,47 °F,36 °F,66 %,N,5 mph,0 mph,29.17 in,0.0 in,Fair
2025-04-30,1:52 AM,48 °F,35 °F,61 %,NNE,5 mph,0 mph,29.16 in,0.0 in,Fair
2025-04-30,2:52 AM,47 °F,36 °F,66 %,NE,6 mph,0 mph,29.16 in,0.0 in,Fair
2025-04-30,3:52 AM,44 °F,36 °F,73 %,ESE,3 mph,0 mph,29.17 in,0.0 in,Fair
2025-04-30,4:52 AM,45 °F,37 °F,74 %,E,3 mph,0 mph,29.14 in,0.0 in,Fair
2025-04-30,5:52 AM,44 °F,37 °F,76 %,SE,3 mph,0 mph,29.14 in,0.0 in,Fair
2025-04-30,6:52 AM,45 °F,39 °F,80 %,E,8 mph,0 mph,29.13 in,0.0 in,Fair
2025-04-30,7:52 AM,49 °F,41 °F,74 %,ESE,6 mph,0 mph,29.13 in,0.0 in,Fair
2025-04-30,8:52 AM,54 °F,43 °F,66 %,ESE,8 mph,0 mph,29.15 in,0.0 in,Fair
2025-04-30,9:52 AM,57 °F,43 °F,59 %,ESE,10 mph,0 mph,29.13 in,0.0 in,Fair
2025-04-30,10:52 AM,59 °F,43 °F,55 %,E,9 mph,0 mph,29.10 in,0.0 in,Fair
2025-04-30,11:52 AM,62 °F,43 °F,50 %,ESE,12 mph,0 mph,29.10 in,0.0 in,Mostly Cloudy
2025-04-30,12:52 PM,63 °F,44 °F,50 %,SE,12 mph,0 mph,29.08 in,0.0 in,Partly Cloudy
2025-04-30,1:52 PM,64 °F,45 °F,50 %,SSE,14 mph,0 mph,29.05 in,0.0 in,Cloudy
2025-04-30,2:52 PM,65 °F,47 °F,52 %,SE,14 mph,0 mph,29.02 in,0.0 in,Mostly Cloudy
2025-04-30,3:52 PM,65 °F,47 °F,52 %,ESE,16 mph,23 mph,29.00 in,0.0 in,Cloudy
2025-04-30,4:52 PM,65 °F,47 °F,52 %,SE,17 mph,23 mph,28.98 in,0.0 in,Cloudy
2025-04-30,5:52 PM,61 °F,49 °F,64 %,SE,15 mph,0 mph,28.98 in,0.0 in,Cloudy
2025-04-30,6:25 PM,58 °F,51 °F,78 %,ESE,16 mph,0 mph,28.99 in,0.0 in,Haze
2025-04-30,6:52 PM,57 °F,52 °F,83 %,SE,14 mph,0 mph,28.99 in,0.0 in,Cloudy
2025-04-30,7:07 PM,56 °F,53 °F,90 %,ESE,10 mph,0 mph,28.99 in,0.0 in,Mist
2025-04-30,7:24 PM,55 °F,53 °F,93 %,E,8 mph,0 mph,28.98 in,0.0 in,Mist
2025-04-30,7:52 PM,55 °F,53 °F,93 %,E,10 mph,0 mph,28.97 in,0.0 in,Cloudy
2025-04-30,8:52 PM,56 °F,53 °F,90 %,ESE,9 mph,0 mph,28.97 in,0.0 in,Cloudy
2025-04-30,9:52 PM,55 °F,52 °F,89 %,ESE,12 mph,0 mph,28.95 in,0.0 in,Cloudy
2025-04-30,10:52 PM,54 °F,52 °F,93 %,E,10 mph,0 mph,28.93 in,0.0 in,Cloudy
2025-04-30,11:26 PM,54 °F,52 °F,93 %,E,13 mph,0 mph,28.89 in,0.0 in,Cloudy
2025-04-30,11:52 PM,54 °F,52 °F,93 %,E,12 mph,0 mph,28.88 in,0.0 in,Cloudy
2025-05-01,12:42 AM,54 °F,52 °F,93 %,E,13 mph,0 mph,28.88 in,0.0 in,Light Rain
2025-05-01,12:52 AM,54 °F,52 °F,93 %,E,13 mph,0 mph,28.88 in,0.0 in,Light Rain
2025-05-01,1:52 AM,53 °F,52 °F,96 %,E,7 mph,0 mph,28.85 in,0.1 in,Rain
2025-05-01,2:08 AM,53 °F,52 °F,96 %,E,7 mph,0 mph,28.84 in,0.0 in,Rain
2025-05-01,2:32 AM,53 °F,52 °F,96 %,E,10 mph,0 mph,28.82 in,0.1 in,Rain
2025-05-01,2:46 AM,54 °F,52 °F,94 %,ENE,9 mph,0 mph,28.81 in,0.1 in,Rain
2025-05-01,2:52 AM,53 °F,52 °F,96 %,E,10 mph,0 mph,28.81 in,0.1 in,Rain
2025-05-01,3:03 AM,53 °F,53 °F,100 %,ENE,12 mph,0 mph,28.80 in,0.0 in,Light Rain
2025-05-01,3:52 AM,53 °F,53 °F,100 %,ENE,7 mph,0 mph,28.79 in,0.0 in,Mist
2025-05-01,4:05 AM,53 °F,53 °F,100 %,ENE,7 mph,0 mph,28.79 in,0.0 in,Light Rain
2025-05-01,4:29 AM,53 °F,0 °F,0 %,NE,10 mph,0 mph,28.77 in,0.0 in,Rain
2025-05-01,4:52 AM,53 °F,0 °F,0 %,ENE,8 mph,0 mph,28.76 in,0.1 in,Light Rain
2025-05-01,5:02 AM,53 °F,52 °F,96 %,ENE,8 mph,0 mph,28.76 in,0.0 in,Light Rain
2025-05-01,5:52 AM,53 °F,52 °F,96 %,CALM,0 mph,0 mph,28.76 in,0.0 in,Mist
2025-05-01,6:39 AM,53 °F,0 °F,0 %,W,7 mph,0 mph,28.78 in,0.0 in,Mist
2025-05-01,6:49 AM,54 °F,0 °F,0 %,NW,7 mph,0 mph,28.77 in,0.0 in,Mist
2025-05-01,6:52 AM,53 °F,0 °F,0 %,NNW,5 mph,0 mph,28.77 in,0.0 in,Mist
2025-05-01,7:52 AM,53 °F,52 °F,96 %,NW,9 mph,0 mph,28.77 in,0.0 in,Mist
2025-05-01,8:27 AM,54 °F,52 °F,93 %,NW,10 mph,0 mph,28.78 in,0.0 in,Light Rain
2025-05-01,8:45 AM,54 °F,53 °F,97 %,NW,8 mph,0 mph,28.78 in,0.0 in,Light Rain
2025-05-01,8:52 AM,54 °F,53 °F,97 %,NW,8 mph,0 mph,28.78 in,0.0 in,Light Rain
2025-05-01,8:59 AM,54 °F,52 °F,93 %,NW,7 mph,0 mph,28.78 in,0.0 in,Mist
2025-05-01,9:24 AM,55 °F,53 °F,93 %,NW,6 mph,0 mph,28.78 in,0.0 in,Mist
2025-05-01,9:39 AM,55 °F,53 °F,93 %,NW,6 mph,0 mph,28.78 in,0.0 in,Mist
2025-05-01,9:52 AM,55 °F,53 °F,93 %,NW,8 mph,0 mph,28.78 in,0.0 in,Cloudy
2025-05-01,10:52 AM,57 °F,54 °F,89 %,WNW,12 mph,0 mph,28.78 in,0.0 in,Cloudy
2025-05-01,11:48 AM,57 °F,54 °F,88 %,W,14 mph,0 mph,28.79 in,0.0 in,Cloudy
2025-05-01,11:52 AM,57 °F,54 °F,89 %,WNW,13 mph,0 mph,28.79 in,0.0 in,Cloudy
2025-05-01,12:52 PM,58 °F,54 °F,87 %,WNW,15 mph,0 mph,28.79 in,0.0 in,Cloudy
2025-05-01,1:30 PM,61 °F,55 °F,81 %,W,10 mph,0 mph,28.79 in,0.0 in,Cloudy
2025-05-01,1:52 PM,60 °F,54 °F,80 %,W,13 mph,0 mph,28.79 in,0.0 in,Cloudy
2025-05-01,2:52 PM,61 °F,55 °F,81 %,W,13 mph,0 mph,28.79 in,0.0 in,Cloudy
2025-05-01,3:52 PM,63 °F,55 °F,75 %,W,14 mph,0 mph,28.79 in,0.0 in,Cloudy
2025-05-01,3:59 PM,62 °F,55 °F,78 %,W,12 mph,0 mph,28.79 in,0.0 in,Cloudy
2025-05-01,4:14 PM,63 °F,56 °F,78 %,W,10 mph,0 mph,28.79 in,0.0 in,Cloudy
2025-05-01,4:37 PM,63 °F,55 °F,75 %,NW,9 mph,0 mph,28.79 in,0.0 in,Cloudy
2025-05-01,4:52 PM,63 °F,56 °F,78 %,WNW,9 mph,0 mph,28.79 in,0.0 in,Cloudy
2025-05-01,5:02 PM,63 °F,55 °F,75 %,W,9 mph,0 mph,28.79 in,0.0 in,Cloudy
2025-05-01,5:52 PM,64 °F,55 °F,72 %,W,8 mph,0 mph,28.79 in,0.0 in,Cloudy
2025-05-01,6:52 PM,61 °F,55 °F,81 %,W,6 mph,0 mph,28.79 in,0.0 in,Cloudy
2025-05-01,7:27 PM,60 °F,57 °F,90 %,WSW,5 mph,0 mph,28.80 in,0.0 in,Rain
2025-05-01,7:49 PM,59 °F,57 °F,94 %,WSW,5 mph,0 mph,28.81 in,0.1 in,Rain
2025-05-01,7:52 PM,59 °F,57 °F,93 %,WSW,6 mph,0 mph,28.81 in,0.1 in,Light Rain
2025-05-01,8:12 PM,59 °F,57 °F,93 %,W,6 mph,0 mph,28.81 in,0.0 in,Light Rain
2025-05-01,8:52 PM,58 °F,56 °F,93 %,W,3 mph,0 mph,28.82 in,0.0 in,Mist
2025-05-01,9:52 PM,58 °F,57 °F,97 %,W,8 mph,0 mph,28.84 in,0.0 in,Mist
2025-05-01,9:55 PM,58 °F,57 °F,97 %,W,8 mph,0 mph,28.84 in,0.0 in,Mist
2025-05-01,10:04 PM,59 °F,57 °F,93 %,W,16 mph,21 mph,28.84 in,0.0 in,Cloudy
2025-05-01,10:09 PM,58 °F,56 °F,93 %,WNW,16 mph,0 mph,28.84 in,0.0 in,Cloudy
2025-05-01,10:26 PM,58 °F,54 °F,87 %,WNW,18 mph,25 mph,28.85 in,0.0 in,Cloudy
2025-05-01,10:36 PM,57 °F,52 °F,83 %,WNW,16 mph,24 mph,28.85 in,0.0 in,Cloudy
2025-05-01,10:52 PM,56 °F,52 °F,87 %,WNW,14 mph,0 mph,28.85 in,0.0 in,Cloudy
2025-05-01,11:52 PM,54 °F,50 °F,86 %,W,12 mph,0 mph,28.86 in,0.0 in,Fair
2025-05-02,12:52 AM,52 °F,49 °F,89 %,W,9 mph,0 mph,28.87 in,0.0 in,Fair
2025-05-02,1:52 AM,51 °F,48 °F,89 %,WNW,13 mph,0 mph,28.87 in,0.0 in,Fair
2025-05-02,2:52 AM,50 °F,46 °F,86 %,WNW,14 mph,0 mph,28.87 in,0.0 in,Fair
2025-05-02,3:52 AM,48 °F,45 °F,89 %,WNW,13 mph,0 mph,28.88 in,0.0 in,Fair
2025-05-02,4:52 AM,47 °F,44 °F,90 %,NW,12 mph,0 mph,28.90 in,0.0 in,Fair
2025-05-02,5:52 AM,44 °F,42 °F,93 %,WNW,7 mph,0 mph,28.92 in,0.0 in,Fair
2025-05-02,6:52 AM,46 °F,44 °F,93 %,WNW,7 mph,0 mph,28.93 in,0.0 in,Fair
2025-05-02,7:52 AM,50 °F,46 °F,86 %,W,13 mph,0 mph,28.96 in,0.0 in,Fair
2025-05-02,8:52 AM,53 °F,46 °F,77 %,NW,14 mph,0 mph,28.95 in,0.0 in,Fair
2025-05-02,9:52 AM,56 °F,47 °F,72 %,NNW,15 mph,0 mph,28.95 in,0.0 in,Fair
2025-05-02,10:48 AM,55 °F,46 °F,72 %,NW,16 mph,0 mph,28.95 in,0.0 in,Mostly Cloudy
2025-05-02,10:52 AM,56 °F,47 °F,72 %,NW,16 mph,0 mph,28.95 in,0.0 in,Mostly Cloudy
2025-05-02,11:52 AM,55 °F,46 °F,72 %,WNW,14 mph,0 mph,28.98 in,0.0 in,Cloudy
2025-05-02,12:52 PM,53 °F,47 °F,80 %,NW,13 mph,0 mph,29.00 in,0.0 in,Light Rain
2025-05-02,1:52 PM,54 °F,48 °F,80 %,NW,12 mph,0 mph,28.99 in,0.0 in,Light Rain
2025-05-02,2:52 PM,54 °F,49 °F,83 %,NW,10 mph,0 mph,28.99 in,0.0 in,Light Rain
2025-05-02,3:52 PM,54 °F,48 °F,80 %,WNW,8 mph,0 mph,28.98 in,0.0 in,Cloudy
2025-05-02,4:52 PM,54 °F,49 °F,83 %,W,6 mph,0 mph,28.98 in,0.0 in,Cloudy
2025-05-02,5:52 PM,53 °F,50 °F,89 %,WSW,7 mph,0 mph,28.99 in,0.0 in,Cloudy
2025-05-02,6:52 PM,53 °F,50 °F,89 %,W,6 mph,0 mph,28.99 in,0.0 in,Cloudy
2025-05-02,7:52 PM,53 °F,49 °F,86 %,WNW,6 mph,0 mph,28.97 in,0.0 in,Cloudy
2025-05-02,8:52 PM,53 °F,46 °F,77 %,N,12 mph,0 mph,28.99 in,0.0 in,Cloudy
2025-05-02,9:11 PM,52 °F,45 °F,77 %,N,14 mph,0 mph,29.00 in,0.0 in,Cloudy
2025-05-02,9:28 PM,51 °F,44 °F,77 %,N,13 mph,0 mph,29.01 in,0.0 in,Mostly Cloudy
2025-05-02,9:52 PM,50 °F,44 °F,80 %,N,9 mph,0 mph,29.02 in,0.0 in,Fair
2025-05-02,10:52 PM,47 °F,43 °F,86 %,N,7 mph,0 mph,29.03 in,0.0 in,Fair
2025-05-02,11:52 PM,46 °F,43 °F,89 %,WNW,7 mph,0 mph,29.03 in,0.0 in,Mostly Cloudy
2025-05-03,12:52 AM,48 °F,44 °F,86 %,NNW,6 mph,0 mph,29.03 in,0.0 in,Cloudy
2025-05-03,1:52 AM,48 °F,44 °F,86 %,NNW,7 mph,0 mph,29.02 in,0.0 in,Cloudy
2025-05-03,2:52 AM,48 °F,44 °F,86 %,NNW,8 mph,0 mph,29.02 in,0.0 in,Cloudy
2025-05-03,3:52 AM,48 °F,43 °F,83 %,N,10 mph,0 mph,29.03 in,0.0 in,Cloudy
2025-05-03,4:52 AM,48 °F,43 °F,83 %,NNW,6 mph,0 mph,29.04 in,0.0 in,Cloudy
2025-05-03,5:52 AM,47 °F,43 °F,86 %,NNW,6 mph,0 mph,29.05 in,0.0 in,Cloudy
2025-05-03,6:52 AM,48 °F,43 °F,83 %,NNW,8 mph,0 mph,29.06 in,0.0 in,Cloudy
2025-05-03,7:52 AM,49 °F,45 °F,86 %,N,10 mph,0 mph,29.08 in,0.0 in,Cloudy
2025-05-03,8:52 AM,51 °F,46 °F,83 %,N,10 mph,0 mph,29.08 in,0.0 in,Cloudy
2025-05-03,9:17 AM,51 °F,46 °F,83 %,N,8 mph,0 mph,29.09 in,0.0 in,Cloudy
2025-05-03,9:39 AM,52 °F,46 °F,80 %,N,10 mph,0 mph,29.09 in,0.0 in,Cloudy
2025-05-03,9:52 AM,52 °F,46 °F,80 %,N,12 mph,0 mph,29.09 in,0.0 in,Cloudy
2025-05-03,10:52 AM,53 °F,47 °F,80 %,NNE,13 mph,0 mph,29.10 in,0.0 in,Cloudy
2025-05-03,11:14 AM,53 °F,47 °F,80 %,N,12 mph,0 mph,29.10 in,0.0 in,Cloudy
2025-05-03,11:37 AM,52 °F,46 °F,80 %,N,10 mph,0 mph,29.10 in,0.0 in,Cloudy
2025-05-03,11:52 AM,54 °F,47 °F,77 %,N,9 mph,0 mph,29.10 in,0.0 in,Cloudy
2025-05-03,12:52 PM,56 °F,45 °F,67 %,ENE,7 mph,0 mph,29.09 in,0.0 in,Cloudy
2025-05-03,1:52 PM,56 °F,44 °F,64 %,VAR,7 mph,0 mph,29.10 in,0.0 in,Cloudy
2025-05-03,2:19 PM,56 °F,44 °F,64 %,CALM,0 mph,0 mph,29.10 in,0.0 in,Cloudy
2025-05-03,2:41 PM,56 °F,45 °F,67 %,NNE,3 mph,0 mph,29.10 in,0.0 in,Cloudy
2025-05-03,2:52 PM,56 °F,43 °F,62 %,ENE,5 mph,0 mph,29.10 in,0.0 in,Cloudy
2025-05-03,3:52 PM,57 °F,44 °F,62 %,NE,8 mph,0 mph,29.10 in,0.0 in,Cloudy
2025-05-03,4:52 PM,58 °F,43 °F,58 %,NE,9 mph,0 mph,29.10 in,0.0 in,Cloudy
2025-05-03,5:52 PM,58 °F,44 °F,60 %,NNE,10 mph,0 mph,29.10 in,0.0 in,Cloudy
2025-05-03,6:52 PM,58 °F,42 °F,56 %,N,8 mph,0 mph,29.09 in,0.0 in,Fair
2025-05-03,7:52 PM,56 °F,42 °F,60 %,N,8 mph,0 mph,29.08 in,0.0 in,Fair
2025-05-03,8:52 PM,51 °F,42 °F,71 %,NNW,5 mph,0 mph,29.09 in,0.0 in,Fair
2025-05-03,9:52 PM,48 °F,42 °F,80 %,NNW,7 mph,0 mph,29.10 in,0.0 in,Fair
2025-05-03,10:52 PM,47 °F,41 °F,80 %,NW,5 mph,0 mph,29.10 in,0.0 in,Fair
2025-05-03,11:52 PM,50 °F,41 °F,71 %,CALM,0 mph,0 mph,29.10 in,0.0 in,Fair
2025-05-04,12:52 AM,46 °F,40 °F,79 %,NW,5 mph,0 mph,29.09 in,0.0 in,Fair
2025-05-04,1:52 AM,43 °F,39 °F,86 %,NW,6 mph,0 mph,29.08 in,0.0 in,Fair
2025-05-04,2:52 AM,43 °F,40 °F,89 %,NE,3 mph,0 mph,29.08 in,0.0 in,Fair
2025-05-04,3:52 AM,43 °F,40 °F,89 %,CALM,0 mph,0 mph,29.08 in,0.0 in,Fair
2025-05-04,4:52 AM,42 °F,39 °F,89 %,NW,6 mph,0 mph,29.09 in,0.0 in,Fair
2025-05-04,5:52 AM,43 °F,39 °F,86 %,NW,8 mph,0 mph,29.08 in,0.0 in,Fair
2025-05-04,6:52 AM,45 °F,42 °F,90 %,NW,6 mph,0 mph,29.10 in,0.0 in,Fair
2025-05-04,7:52 AM,49 °F,43 °F,80 %,NNW,5 mph,0 mph,29.11 in,0.0 in,Fair
2025-05-04,8:52 AM,51 °F,45 °F,80 %,NNW,7 mph,0 mph,29.12 in,0.0 in,Fair
2025-05-04,9:52 AM,57 °F,46 °F,67 %,NNW,7 mph,0 mph,29.12 in,0.0 in,Fair
2025-05-04,10:52 AM,60 °F,44 °F,55 %,N,6 mph,0 mph,29.12 in,0.0 in,Fair
2025-05-04,11:52 AM,63 °F,43 °F,48 %,NE,9 mph,0 mph,29.10 in,0.0 in,Fair
2025-05-04,12:52 PM,66 °F,43 °F,43 %,N,8 mph,0 mph,29.09 in,0.0 in,Fair
2025-05-04,1:52 PM,69 °F,43 °F,39 %,NNE,7 mph,0 mph,29.07 in,0.0 in,Fair
2025-05-04,2:52 PM,69 °F,41 °F,36 %,NE,14 mph,23 mph,29.06 in,0.0 in,Fair
2025-05-04,3:52 PM,70 °F,43 °F,38 %,N,15 mph,24 mph,29.04 in,0.0 in,Partly Cloudy
2025-05-04,4:52 PM,70 °F,43 °F,38 %,ENE,13 mph,0 mph,29.03 in,0.0 in,Fair
2025-05-04,5:52 PM,70 °F,44 °F,39 %,NE,15 mph,0 mph,29.03 in,0.0 in,Fair
2025-05-04,6:52 PM,69 °F,43 °F,39 %,ENE,12 mph,0 mph,29.02 in,0.0 in,Fair
2025-05-04,7:52 PM,65 °F,43 °F,45 %,ENE,9 mph,0 mph,29.02 in,0.0 in,Fair
2025-05-04,8:52 PM,60 °F,43 °F,53 %,E,8 mph,0 mph,29.04 in,0.0 in,Fair
2025-05-04,9:52 PM,57 °F,43 °F,59 %,E,7 mph,0 mph,29.06 in,0.0 in,Fair
2025-05-04,10:52 PM,57 °F,42 °F,57 %,NE,6 mph,0 mph,29.06 in,0.0 in,Fair
2025-05-04,11:52 PM,57 °F,42 °F,57 %,NE,7 mph,0 mph,29.06 in,0.0 in,Fair
2025-05-05,12:52 AM,53 °F,41 °F,64 %,E,9 mph,0 mph,29.06 in,0.0 in,Fair
2025-05-05,1:52 AM,48 °F,41 °F,77 %,SE,6 mph,0 mph,29.07 in,0.0 in,Fair
2025-05-05,2:52 AM,49 °F,40 °F,71 %,CALM,0 mph,0 mph,29.06 in,0.0 in,Fair
2025-05-05,3:52 AM,49 °F,41 °F,74 %,NE,3 mph,0 mph,29.07 in,0.0 in,Fair
2025-05-05,4:52 AM,47 °F,41 °F,80 %,NNW,5 mph,0 mph,29.07 in,0.0 in,Fair
2025-05-05,5:52 AM,44 °F,40 °F,85 %,CALM,0 mph,0 mph,29.08 in,0.0 in,Fair
2025-05-05,6:52 AM,45 °F,41 °F,86 %,CALM,0 mph,0 mph,29.10 in,0.0 in,Fair
2025-05-05,7:52 AM,53 °F,44 °F,71 %,ENE,3 mph,0 mph,29.10 in,0.0 in,Fair
2025-05-05,8:52 AM,57 °F,41 °F,55 %,NNE,3 mph,0 mph,29.10 in,0.0 in,Fair
2025-05-05,9:52 AM,58 °F,41 °F,53 %,CALM,0 mph,0 mph,29.10 in,0.0 in,Mostly Cloudy
2025-05-05,10:52 AM,61 °F,41 °F,48 %,NNW,7 mph,0 mph,29.09 in,0.0 in,Cloudy
2025-05-05,11:52 AM,63 °F,41 °F,45 %,N,6 mph,0 mph,29.09 in,0.0 in,Cloudy
2025-05-05,12:52 PM,65 °F,42 °F,43 %,ENE,10 mph,0 mph,29.07 in,0.0 in,Cloudy
2025-05-05,1:52 PM,67 °F,43 °F,42 %,E,7 mph,18 mph,29.05 in,0.0 in,Partly Cloudy
2025-05-05,2:52 PM,69 °F,45 °F,42 %,E,14 mph,21 mph,29.05 in,0.0 in,Fair
2025-05-05,3:52 PM,69 °F,45 °F,42 %,ENE,12 mph,0 mph,29.03 in,0.0 in,Fair
2025-05-05,4:52 PM,69 °F,45 °F,42 %,E,9 mph,0 mph,29.03 in,0.0 in,Fair
2025-05-05,5:52 PM,68 °F,45 °F,43 %,E,10 mph,0 mph,29.03 in,0.0 in,Fair
2025-05-05,6:52 PM,68 °F,44 °F,42 %,E,10 mph,0 mph,29.03 in,0.0 in,Partly Cloudy
2025-05-05,7:52 PM,63 °F,46 °F,54 %,E,12 mph,0 mph,29.05 in,0.0 in,Mostly Cloudy
2025-05-05,8:52 PM,58 °F,47 °F,67 %,E,8 mph,0 mph,29.07 in,0.0 in,Mostly Cloudy
2025-05-05,9:52 PM,60 °F,47 °F,62 %,SE,8 mph,0 mph,29.10 in,0.0 in,Cloudy
2025-05-05,10:52 PM,56 °F,47 °F,72 %,S,6 mph,0 mph,29.10 in,0.0 in,Fair
2025-05-05,11:52 PM,52 °F,46 °F,80 %,S,3 mph,0 mph,29.10 in,0.0 in,Fair
2025-05-06,12:52 AM,52 °F,46 °F,80 %,CALM,0 mph,0 mph,29.10 in,0.0 in,Fair
2025-05-06,1:52 AM,51 °F,46 °F,83 %,CALM,0 mph,0 mph,29.10 in,0.0 in,Fair
2025-05-06,2:52 AM,50 °F,45 °F,83 %,NW,5 mph,0 mph,29.09 in,0.0 in,Fair
2025-05-06,3:52 AM,49 °F,45 °F,86 %,NW,6 mph,0 mph,29.10 in,0.0 in,Fair
2025-05-06,4:52 AM,45 °F,43 °F,93 %,CALM,0 mph,0 mph,29.10 in,0.0 in,Fair
2025-05-06,5:52 AM,47 °F,44 °F,90 %,CALM,0 mph,0 mph,29.12 in,0.0 in,Fair
2025-05-06,6:19 AM,44 °F,43 °F,96 %,SW,5 mph,0 mph,29.13 in,0.0 in,Mist
2025-05-06,6:27 AM,44 °F,42 °F,93 %,VAR,3 mph,0 mph,29.13 in,0.0 in,Fair
2025-05-06,6:52 AM,46 °F,44 °F,93 %,CALM,0 mph,0 mph,29.14 in,0.0 in,Fair
2025-05-06,7:52 AM,54 °F,50 °F,86 %,W,5 mph,0 mph,29.15 in,0.0 in,Fair
2025-05-06,8:52 AM,60 °F,50 °F,69 %,WNW,8 mph,0 mph,29.16 in,0.0 in,Fair
2025-05-06,9:52 AM,64 °F,50 °F,60 %,W,8 mph,0 mph,29.16 in,0.0 in,Fair
2025-05-06,10:52 AM,67 °F,49 °F,52 %,NNW,6 mph,0 mph,29.15 in,0.0 in,Fair
2025-05-06,11:52 AM,69 °F,48 °F,47 %,NE,3 mph,0 mph,29.15 in,0.0 in,Fair
2025-05-06,12:52 PM,72 °F,48 °F,43 %,,0 mph,0 mph,29.12 in,0.0 in,Fair
2025-05-06,1:52 PM,73 °F,48 °F,41 %,N,8 mph,0 mph,29.10 in,0.0 in,Fair
2025-05-06,2:52 PM,74 °F,49 °F,41 %,ESE,3 mph,0 mph,29.10 in,0.0 in,Fair
2025-05-06,3:52 PM,74 °F,48 °F,40 %,CALM,0 mph,0 mph,29.09 in,0.0 in,Fair
2025-05-06,4:52 PM,76 °F,47 °F,36 %,ENE,6 mph,0 mph,29.08 in,0.0 in,Fair
2025-05-06,5:52 PM,77 °F,47 °F,34 %,CALM,0 mph,0 mph,29.07 in,0.0 in,Fair
2025-05-06,6:04 PM,75 °F,47 °F,37 %,VAR,3 mph,0 mph,29.07 in,0.0 in,Haze
2025-05-06,6:06 PM,75 °F,47 °F,37 %,VAR,5 mph,0 mph,29.07 in,0.0 in,Fair
2025-05-06,6:52 PM,74 °F,46 °F,37 %,S,7 mph,0 mph,29.07 in,0.0 in,Fair
2025-05-06,7:52 PM,69 °F,48 °F,47 %,SSW,6 mph,0 mph,29.08 in,0.0 in,Fair
2025-05-06,8:52 PM,66 °F,47 °F,50 %,S,3 mph,0 mph,29.09 in,0.0 in,Fair
2025-05-06,9:52 PM,63 °F,47 °F,56 %,S,3 mph,0 mph,29.10 in,0.0 in,Fair
2025-05-06,10:52 PM,61 °F,47 °F,60 %,S,3 mph,0 mph,29.09 in,0.0 in,Fair
2025-05-06,11:52 PM,59 °F,47 °F,64 %,SW,6 mph,0 mph,29.10 in,0.0 in,Fair
2025-05-07,12:52 AM,57 °F,46 °F,67 %,SW,3 mph,0 mph,29.09 in,0.0 in,Fair
2025-05-07,1:52 AM,57 °F,45 °F,64 %,W,6 mph,0 mph,29.10 in,0.0 in,Fair
2025-05-07,2:52 AM,54 °F,46 °F,75 %,WSW,3 mph,0 mph,29.10 in,0.0 in,Fair
2025-05-07,3:52 AM,53 °F,45 °F,74 %,W,6 mph,0 mph,29.11 in,0.0 in,Fair
2025-05-07,4:52 AM,54 °F,46 °F,75 %,W,9 mph,0 mph,29.12 in,0.0 in,Fair
2025-05-07,5:52 AM,55 °F,46 °F,72 %,NNW,8 mph,0 mph,29.11 in,0.0 in,Fair
2025-05-07,6:52 AM,54 °F,47 °F,77 %,CALM,0 mph,0 mph,29.12 in,0.0 in,Fair
2025-05-07,7:52 AM,60 °F,49 °F,67 %,N,5 mph,0 mph,29.12 in,0.0 in,Fair
2025-05-07,8:52 AM,63 °F,51 °F,65 %,NW,5 mph,0 mph,29.13 in,0.0 in,Fair
2025-05-07,9:52 AM,70 °F,50 °F,49 %,W,5 mph,0 mph,29.13 in,0.0 in,Fair
2025-05-07,10:52 AM,75 °F,50 °F,41 %,N,5 mph,0 mph,29.12 in,0.0 in,Fair
2025-05-07,11:52 AM,79 °F,49 °F,35 %,VAR,3 mph,0 mph,29.11 in,0.0 in,Fair
2025-05-07,12:52 PM,81 °F,50 °F,34 %,CALM,0 mph,0 mph,29.09 in,0.0 in,Fair
2025-05-07,1:52 PM,80 °F,50 °F,35 %,SSE,7 mph,0 mph,29.07 in,0.0 in,Fair
2025-05-07,2:52 PM,81 °F,47 °F,30 %,SW,3 mph,0 mph,29.06 in,0.0 in,Fair
2025-05-07,3:52 PM,81 °F,50 °F,34 %,SSW,3 mph,0 mph,29.07 in,0.0 in,Haze
2025-05-07,4:22 PM,79 °F,53 °F,40 %,VAR,3 mph,0 mph,29.06 in,0.0 in,Thunder in the Vicinity
2025-05-07,4:52 PM,79 °F,49 °F,35 %,CALM,0 mph,0 mph,29.05 in,0.0 in,Thunder in the Vicinity
2025-05-07,5:32 PM,75 °F,48 °F,38 %,N,10 mph,0 mph,29.05 in,0.0 in,Mostly Cloudy
2025-05-07,5:50 PM,72 °F,54 °F,53 %,NNW,9 mph,0 mph,29.06 in,0.0 in,Thunder
2025-05-07,5:52 PM,71 °F,54 °F,55 %,NNW,8 mph,0 mph,29.06 in,0.0 in,Light Rain with Thunder
2025-05-07,6:18 PM,69 °F,54 °F,58 %,NE,13 mph,0 mph,29.08 in,0.0 in,Light Rain with Thunder
2025-05-07,6:52 PM,71 °F,49 °F,45 %,VAR,3 mph,0 mph,29.06 in,0.0 in,Light Rain with Thunder
2025-05-07,7:34 PM,67 °F,55 °F,66 %,N,9 mph,0 mph,29.07 in,0.0 in,Mostly Cloudy
2025-05-07,7:52 PM,67 °F,55 °F,66 %,NNE,13 mph,0 mph,29.08 in,0.0 in,Mostly Cloudy
2025-05-07,8:52 PM,67 °F,53 °F,61 %,ENE,14 mph,0 mph,29.10 in,0.0 in,Fair
2025-05-07,9:52 PM,66 °F,51 °F,59 %,ENE,12 mph,0 mph,29.12 in,0.0 in,Mostly Cloudy
2025-05-07,10:52 PM,63 °F,49 °F,60 %,E,14 mph,0 mph,29.14 in,0.0 in,Cloudy
2025-05-07,11:52 PM,60 °F,47 °F,62 %,E,10 mph,0 mph,29.15 in,0.0 in,Partly Cloudy
2025-05-08,12:52 AM,58 °F,46 °F,65 %,ENE,9 mph,0 mph,29.16 in,0.0 in,Fair
2025-05-08,1:52 AM,57 °F,43 °F,59 %,ENE,14 mph,25 mph,29.16 in,0.0 in,Partly Cloudy
2025-05-08,2:52 AM,54 °F,40 °F,59 %,ENE,13 mph,0 mph,29.17 in,0.0 in,Fair
2025-05-08,3:52 AM,52 °F,40 °F,63 %,ENE,12 mph,0 mph,29.18 in,0.0 in,Fair
2025-05-08,4:52 AM,50 °F,40 °F,68 %,ENE,9 mph,0 mph,29.19 in,0.0 in,Fair
2025-05-08,5:52 AM,50 °F,40 °F,68 %,ENE,9 mph,0 mph,29.20 in,0.0 in,Fair
2025-05-08,6:52 AM,50 °F,40 °F,68 %,ENE,12 mph,0 mph,29.22 in,0.0 in,Fair
2025-05-08,7:52 AM,52 °F,40 °F,63 %,NE,15 mph,0 mph,29.24 in,0.0 in,Fair
2025-05-08,8:52 AM,53 °F,39 °F,59 %,ENE,16 mph,0 mph,29.25 in,0.0 in,Fair
2025-05-08,9:52 AM,57 °F,41 °F,55 %,NE,12 mph,0 mph,29.24 in,0.0 in,Fair
2025-05-08,10:52 AM,60 °F,43 °F,53 %,ENE,12 mph,21 mph,29.24 in,0.0 in,Fair
2025-05-08,11:52 AM,62 °F,44 °F,52 %,ENE,14 mph,21 mph,29.23 in,0.0 in,Fair
2025-05-08,12:52 PM,65 °F,46 °F,50 %,NE,12 mph,0 mph,29.22 in,0.0 in,Fair
