Case Number,Classification,Date/Time Occurred,Date/Time Reported,Location,Disposition,Date,Time,Time Bucket,DateTime,Nearest Weather Time,Temperature,Dew Point,Humidity,Wind,Wind Speed,Wind Gust,Pressure,Precip.,Condition
CRM-2025-284,"Criminal Mischief, Simple Assault",Between 03/30/2025 14:05 and 03/30/2025 14:25,2025-03-30 14:29:00,General Hospital,Inactive,2025-03-30,14:29,Afternoon,2025-03-30 14:29:00,14:52,43.0,37.0,80.0,WSW,23.0,31.0,28.71,0.0,Cloudy / Windy
CRM-2025-283,Liquor Law Violations,03/30/2025 02:55,2025-03-30 02:55:00,Slater Hall,Closed - Referred to Office of Student Accountability,2025-03-30,02:55,Night,2025-03-30 02:55:00,02:52,61.0,57.0,87.0,SSE,17.0,26.0,28.63,0.0,Mostly Cloudy
CRM-2025-282,Trespass,03/30/2025 02:40,2025-03-30 02:40:00,Kinnick Stadium,Closed - Suspect Issued Criminal Trespass Warning,2025-03-30,02:40,Night,2025-03-30 02:40:00,02:52,61.0,57.0,87.0,SSE,17.0,26.0,28.63,0.0,Mostly Cloudy
CRM-2025-286,Liquor Law Violations,03/30/2025 02:13,2025-03-30 02:13:00,Currier Hall,Closed - Referred to Office of Student Accountability,2025-03-30,02:13,Night,2025-03-30 02:13:00,01:52,62.0,57.0,84.0,SSE,17.0,28.0,28.65,0.0,Mostly Cloudy
CRM-2025-285,Burglary,Between 03/30/2025 01:00 and 03/30/2025 03:00,2025-03-30 13:55:00,Jacobson Athletic Building,Closed - Suspect Arrested,2025-03-30,13:55,Afternoon,2025-03-30 13:55:00,13:52,44.0,37.0,76.0,WSW,22.0,33.0,28.71,0.0,Cloudy / Windy
CSA-2025-192,Stalking,03/29/2025 23:45,2025-03-29 12:13:00,East Side Residential Hall,Closed - Referred to Office of Student Accountability,2025-03-29,12:13,Afternoon,2025-03-29 12:13:00,11:52,68.0,57.0,68.0,SSW,8.0,0.0,28.85,0.0,Cloudy
CRM-2025-281,"Liquor Law Violations, Public Intoxication",Between 03/29/2025 22:20 and 03/29/2025 23:09,2025-03-29 22:20:00,100 BLK S CLINTON ST,Closed - Suspect Arrested,2025-03-29,22:20,Evening,2025-03-29 22:20:00,21:52,67.0,59.0,76.0,SE,16.0,24.0,28.73,0.0,Cloudy
CRM-2025-280,Liquor Law Violations,Between 03/29/2025 20:41 and 03/29/2025 20:57,2025-03-29 20:41:00,Hancher Footbridge West,Closed - Referred to Office of Student Accountability,2025-03-29,20:41,Evening,2025-03-29 20:41:00,20:52,67.0,58.0,73.0,SSE,10.0,0.0,28.74,0.0,Cloudy
CRM-2025-278,Liquor Law Violations,03/29/2025 02:28,2025-03-29 02:28:00,Burge Hall,Closed - Referred to Office of Student Accountability,2025-03-29,02:28,Night,2025-03-29 02:28:00,02:52,62.0,53.0,72.0,SW,13.0,0.0,28.82,0.0,Fair
CSA-2025-193,Trespass,03/28/2025 16:30,2025-03-29 16:46:00,Mayflower Hall,Closed - Referred to Office of Student Accountability,2025-03-29,16:46,Afternoon,2025-03-29 16:46:00,16:52,74.0,56.0,53.0,SSE,17.0,26.0,28.74,0.0,Mostly Cloudy
CRM-2025-277,Liquor Law Violations,03/28/2025 02:15,2025-03-28 02:15:00,10 BLK N MADISON ST,Closed - Referred to Office of Student Accountability,2025-03-28,02:15,Night,2025-03-28 02:15:00,01:52,53.0,47.0,80.0,SE,13.0,0.0,28.93,0.0,Cloudy
CRM-2025-276,Liquor Law Violations,03/28/2025 01:59,2025-03-28 01:59:00,10 BLK E WASHINGTON ST,Closed - Referred to Office of Student Accountability,2025-03-28,01:59,Night,2025-03-28 01:59:00,01:52,53.0,47.0,80.0,SE,13.0,0.0,28.93,0.0,Cloudy
CRM-2025-275,"Falsify Driver's License, Liquor Law Violations",03/28/2025 01:47,2025-03-28 01:47:00,Hillcrest Hall,Closed - Referred to Office of Student Accountability,2025-03-28,01:47,Night,2025-03-28 01:47:00,01:52,53.0,47.0,80.0,SE,13.0,0.0,28.93,0.0,Cloudy
CRM-2025-274,Liquor Law Violations,03/28/2025 01:33,2025-03-28 01:33:00,100 BLK S CLINTON ST,Closed - Referred to Office of Student Accountability,2025-03-28,01:33,Night,2025-03-28 01:33:00,01:52,53.0,47.0,80.0,SE,13.0,0.0,28.93,0.0,Cloudy
CRM-2025-273,Liquor Law Violations,03/28/2025 01:23,2025-03-28 01:23:00,Burge Hall,Closed - Referred to Office of Student Accountability,2025-03-28,01:23,Night,2025-03-28 01:23:00,01:52,53.0,47.0,80.0,SE,13.0,0.0,28.93,0.0,Cloudy
CRM-2025-272,Liquor Law Violations,03/28/2025 01:09,2025-03-28 01:09:00,Hillcrest Hall,Closed - Referred to Office of Student Accountability,2025-03-28,01:09,Night,2025-03-28 01:09:00,00:52,54.0,47.0,77.0,SE,14.0,0.0,28.97,0.0,Cloudy
CRM-2025-271,"Falsify Driver's License, Liquor Law Violations",03/28/2025 00:23,2025-03-28 00:23:00,Burge Hall,Closed - Referred to Office of Student Accountability,2025-03-28,00:23,Night,2025-03-28 00:23:00,00:52,54.0,47.0,77.0,SE,14.0,0.0,28.97,0.0,Cloudy
CRM-2025-270,Theft,Between 03/27/2025 16:30 and 03/27/2025 18:00,2025-03-27 18:16:00,Campus Recreation and Wellness Center,Unfounded,2025-03-27,18:16,Evening,2025-03-27 18:16:00,17:52,62.0,48.0,60.0,S,12.0,0.0,29.04,0.0,Cloudy
CSA-2025-191,Trespass,Between 03/27/2025 00:00 and 03/27/2025 23:59,2025-03-28 10:35:00,Burge Hall,Closed - Referred to Office of Student Accountability,2025-03-28,10:35,Morning,2025-03-28 10:35:00,10:52,76.0,56.0,50.0,SSW,23.0,35.0,28.83,0.0,Fair / Windy
CSA-2025-194,Simple Assault,03/26/2025 21:00,2025-03-31 11:34:00,Aspire Building B5 - 228 Hawkeye Court,Closed - Referred to Office of Student Accountability,2025-03-31,11:34,Morning,2025-03-31 11:34:00,11:52,46.0,21.0,37.0,N,14.0,23.0,29.13,0.0,Fair
CRM-2025-269,"Stalking, Violation of No Contact Order",03/26/2025 17:01,2025-03-26 17:01:00,Field House,Inactive,2025-03-26,17:01,Afternoon,2025-03-26 17:01:00,16:52,58.0,31.0,36.0,NW,9.0,0.0,29.24,0.0,Fair
CRM-2025-266,"Aggravated Assault, Criminal Mischief, Simple Assault",Between 03/25/2025 07:00 and 03/25/2025 07:30,2025-03-25 07:33:00,General Hospital,Closed - Suspect Arrested,2025-03-25,07:33,Morning,2025-03-25 07:33:00,07:52,42.0,36.0,79.0,NNW,15.0,0.0,29.12,0.0,Cloudy
CRM-2025-263,Liquor Law Violations,03/24/2025 02:30,2025-03-24 02:30:00,Catlett Residence Hall,Closed - Referred to Office of Student Accountability,2025-03-24,02:30,Night,2025-03-24 02:30:00,02:52,32.0,26.0,79.0,W,21.0,30.0,28.88,0.0,Mostly Cloudy / Windy
CRM-2025-262,"Liquor Law Violations x3, Falsify Driver's License",03/24/2025 01:32,2025-03-24 01:32:00,Rienow Hall,Closed - Referred to Office of Student Accountability,2025-03-24,01:32,Night,2025-03-24 01:32:00,01:52,32.0,27.0,82.0,W,17.0,0.0,28.89,0.0,Fair
CRM-2025-268,Theft,Between 03/23/2025 23:00 and 03/24/2025 09:15,2025-03-26 17:16:00,"350 N Madison Street, bike rack",Active - UI Police,2025-03-26,17:16,Afternoon,2025-03-26 17:16:00,16:52,58.0,31.0,36.0,NW,9.0,0.0,29.24,0.0,Fair
CRM-2025-261,Liquor Law Violations,03/23/2025 00:51,2025-03-23 00:51:00,Burge Hall,Closed - Referred to Office of Student Accountability,2025-03-23,00:51,Night,2025-03-23 00:51:00,00:52,48.0,29.0,48.0,SSE,17.0,29.0,28.91,0.0,Cloudy
CRM-2025-260,Simple Assault,03/22/2025 12:15,2025-03-22 17:56:00,General Hospital,Inactive,2025-03-22,17:56,Afternoon,2025-03-22 17:56:00,17:52,52.0,23.0,32.0,SSE,13.0,0.0,29.03,0.0,Fair
CRM-2025-265,"Fraudulent Offense , Harassment",Between 03/22/2025 12:00 and 03/24/2025 10:30,2025-03-24 11:02:00,Slater Hall,Inactive,2025-03-24,11:02,Morning,2025-03-24 11:02:00,10:52,42.0,26.0,53.0,WNW,18.0,31.0,28.99,0.0,Fair
CRM-2025-258,Aggravated Assault,03/21/2025 09:45,2025-03-21 09:45:00,General Hospital,Inactive,2025-03-21,09:45,Morning,2025-03-21 09:45:00,09:52,46.0,28.0,50.0,SSW,18.0,0.0,28.79,0.0,Fair
CRM-2025-257,"Disorderly Conduct, Interference with Official Acts, Trespass",03/21/2025 04:20,2025-03-21 04:20:00,UI Health Care Medical Center Downtown,Closed - Suspect Arrested,2025-03-21,04:20,Night,2025-03-21 04:20:00,03:52,37.0,26.0,65.0,S,16.0,0.0,28.89,0.0,Fair
CRM-2025-256,Trespass,03/21/2025 01:59,2025-03-21 01:59:00,General Hospital,Closed - Suspect Issued Criminal Trespass Warning,2025-03-21,01:59,Night,2025-03-21 01:59:00,01:52,32.0,24.0,73.0,S,10.0,0.0,28.96,0.0,Fair
CRM-2025-255,Criminal Mischief,03/20/2025 23:30,2025-03-21 00:53:00,UI Health Care Medical Center Downtown,Closed - Suspect Arrested,2025-03-21,00:53,Night,2025-03-21 00:53:00,00:52,34.0,22.0,61.0,S,9.0,0.0,28.99,0.0,Fair
CRM-2025-254,Aggravated Assault,03/20/2025 13:12,2025-03-20 13:12:00,General Hospital,Inactive,2025-03-20,13:12,Afternoon,2025-03-20 13:12:00,12:52,41.0,21.0,45.0,NW,16.0,0.0,29.14,0.0,Fair
CRM-2025-253,Harassment,03/19/2025 11:50,2025-03-19 11:50:00,General Hospital,Inactive,2025-03-19,11:50,Morning,2025-03-19 11:50:00,11:52,41.0,37.0,86.0,NE,22.0,30.0,28.48,0.0,Cloudy / Windy
CRM-2025-250,Indecent Exposure,03/18/2025 19:28,2025-03-18 19:28:00,General Hospital,Inactive,2025-03-18,19:28,Evening,2025-03-18 19:28:00,19:52,61.0,44.0,54.0,E,12.0,0.0,28.55,0.0,Fair
CRM-2025-251,"Disorderly Conduct, Simple Assault",03/18/2025 18:36,2025-03-18 18:36:00,General Hospital,Inactive,2025-03-18,18:36,Evening,2025-03-18 18:36:00,18:52,65.0,44.0,47.0,ESE,9.0,0.0,28.55,0.0,Fair
CRM-2025-249,"Drug Equipment Violation, Drug/Narcotic Violation",03/17/2025 21:47,2025-03-17 21:47:00,Burge Hall,Closed - Suspect Arrested,2025-03-17,21:47,Evening,2025-03-17 21:47:00,21:52,0.0,0.0,0.0,S,13.0,0.0,0.0,0.0,Fair
CRM-2025-248,Harassment,03/17/2025 16:01,2025-03-17 16:01:00,General Hospital,Inactive,2025-03-17,16:01,Afternoon,2025-03-17 16:01:00,15:52,66.0,32.0,28.0,S,29.0,39.0,28.84,0.0,Fair / Windy
CRM-2025-252,Aggravated Assault,03/17/2025 13:37,2025-03-19 13:37:00,General Hospital,Inactive,2025-03-19,13:37,Afternoon,2025-03-19 13:37:00,13:52,40.0,38.0,93.0,NE,29.0,41.0,28.46,0.1,Mostly Cloudy / Windy
CSA-2025-177,Liquor Law Violations x2,03/17/2025 13:00,2025-03-17 13:55:00,Currier Hall,Closed - Referred to Office of Student Accountability,2025-03-17,13:55,Afternoon,2025-03-17 13:55:00,13:52,61.0,28.0,29.0,S,26.0,37.0,28.89,0.0,Fair / Windy
CRM-2025-247,Criminal Mischief x2,Between 03/16/2025 16:00 and 03/16/2025 18:35,2025-03-16 18:48:00,228 Hawkeye Court,Active - UI Police,2025-03-16,18:48,Evening,2025-03-16 18:48:00,18:52,41.0,21.0,45.0,NW,14.0,0.0,29.06,0.0,Fair
LLEA-2025-1,"Aggravated Assault, Drug/Narcotic Violation",03/16/2025 01:51,2025-03-16 01:51:00,100 BLK E COLLEGE ST,Closed - Suspect Arrested,2025-03-16,01:51,Night,2025-03-16 01:51:00,01:52,0.0,0.0,0.0,NNW,21.0,0.0,0.0,0.0,Cloudy / Windy
CRM-2025-259,Rape,03/16/2025 00:00,2025-03-22 17:00:00,East Side Residential Hall,Closed - Referred to Title IX Coordinator,2025-03-22,17:00,Afternoon,2025-03-22 17:00:00,16:52,52.0,20.0,28.0,SSE,13.0,0.0,29.04,0.0,Fair
CRM-2025-246,Theft,03/15/2025 16:47,2025-03-15 16:47:00,204 Hawkeye Court,Active - UI Police,2025-03-15,16:47,Afternoon,2025-03-15 16:47:00,16:52,37.0,30.0,76.0,WNW,16.0,29.0,28.52,0.0,Cloudy
CSA-2025-176,Liquor Law Violations x2,03/14/2025 18:50,2025-03-14 20:10:00,Catlett Residence Hall,Closed - Referred to Office of Student Accountability,2025-03-14,20:10,Evening,2025-03-14 20:10:00,20:07,72.0,47.0,41.0,SW,38.0,53.0,28.22,0.0,Thunder / Windy
CRM-2025-245,Motor Vehicle Theft,Between 03/14/2025 16:00 and 03/15/2025 09:45,2025-03-15 09:46:00,204 Hawkeye Court,Inactive,2025-03-15,09:46,Morning,2025-03-15 09:46:00,09:52,41.0,38.0,89.0,WSW,26.0,39.0,28.3,0.0,Cloudy / Windy
CRM-2025-244,Theft,Between 03/14/2025 13:30 and 03/14/2025 14:20,2025-03-14 14:31:00,"Gilmore Hall, exterior",Inactive,2025-03-14,14:31,Afternoon,2025-03-14 14:31:00,14:52,79.0,44.0,29.0,S,28.0,41.0,28.32,0.0,Fair / Windy
CRM-2025-242,Simple Assault,03/14/2025 12:00,2025-03-14 12:19:00,General Hospital,Inactive,2025-03-14,12:19,Afternoon,2025-03-14 12:19:00,11:52,73.0,51.0,46.0,S,21.0,37.0,28.45,0.0,Fair / Windy
CSA-2025-184,Harassment,03/14/2025 08:00,2025-03-14 08:00:00,General Hospital,Referred to University - Other,2025-03-14,08:00,Morning,2025-03-14 08:00:00,07:52,57.0,50.0,77.0,SSE,15.0,0.0,28.55,0.0,Fair
CSA-2025-185,Harassment,03/14/2025 08:00,2025-03-14 08:00:00,General Hospital,Referred to University - Other,2025-03-14,08:00,Morning,2025-03-14 08:00:00,07:52,57.0,50.0,77.0,SSE,15.0,0.0,28.55,0.0,Fair
CSA-2025-186,Harassment,03/14/2025 08:00,2025-03-14 08:00:00,Dental Science Building,Referred to University - Other,2025-03-14,08:00,Morning,2025-03-14 08:00:00,07:52,57.0,50.0,77.0,SSE,15.0,0.0,28.55,0.0,Fair
CRM-2025-241,"Domestic Violence, Simple Assault",Between 03/14/2025 08:00 and 03/14/2025 09:00,2025-03-14 09:31:00,General Hospital,Closed - Suspect Arrested,2025-03-14,09:31,Morning,2025-03-14 09:31:00,09:52,64.0,52.0,65.0,SSE,24.0,31.0,28.51,0.0,Fair / Windy
CRM-2025-237,"Disorderly - Public Urination , Public Intoxication",03/14/2025 01:52,2025-03-14 01:52:00,10 BLK S CLINTON ST,Closed - Suspect Arrested,2025-03-14,01:52,Night,2025-03-14 01:52:00,01:52,0.0,0.0,0.0,ESE,14.0,0.0,28.67,0.0,Fair
CRM-2025-239,"Simple Assault, Harassment",03/13/2025 13:21,2025-03-13 13:21:00,General Hospital,Inactive,2025-03-13,13:21,Afternoon,2025-03-13 13:21:00,12:52,61.0,38.0,42.0,SE,15.0,0.0,28.89,0.0,Fair
CRM-2025-236,Public Intoxication,03/13/2025 03:24,2025-03-13 03:24:00,Hubbard Park,Closed - Suspect Arrested,2025-03-13,03:24,Night,2025-03-13 03:24:00,03:52,0.0,0.0,0.0,CALM,0.0,0.0,28.89,0.0,Fair
CRM-2025-235,Habitual Offender,03/13/2025 02:02,2025-03-12 02:02:00,100 BLK W PARK RD,Closed - Suspect Arrested,2025-03-12,02:02,Night,2025-03-12 02:02:00,01:52,0.0,0.0,0.0,ESE,8.0,0.0,28.86,0.0,Fair
CSA-2025-180,Harassment,03/12/2025 08:00,2025-03-12 08:00:00,General Hospital,Referred to University - Other,2025-03-12,08:00,Morning,2025-03-12 08:00:00,07:52,28.0,22.0,78.0,NE,7.0,0.0,28.85,0.0,Fair
CRM-2025-243,Theft,Between 03/12/2025 06:58 and 03/12/2025 17:17,2025-03-14 13:15:00,General Hospital,Active - UI Police,2025-03-14,13:15,Afternoon,2025-03-14 13:15:00,12:52,79.0,48.0,34.0,S,28.0,43.0,28.4,0.0,Fair / Windy
CRM-2025-240,Criminal Mischief,Between 03/12/2025 00:00 and 03/13/2025 10:54,2025-03-13 10:54:00,Main Library,Inactive,2025-03-13,10:54,Morning,2025-03-13 10:54:00,10:52,54.0,37.0,53.0,ESE,9.0,0.0,28.93,0.0,Fair
CRM-2025-267,Theft,Between 03/12/2025 00:00 and 03/25/2025 20:00,2025-03-25 20:10:00,"158 Hawkeye Ct, parking lot",Inactive,2025-03-25,20:10,Evening,2025-03-25 20:10:00,19:52,44.0,22.0,42.0,W,7.0,0.0,29.19,0.0,Fair
CRM-2025-233,Theft,03/11/2025 21:52,2025-03-11 21:52:00,Hawkeye Recreation Fields,Inactive,2025-03-11,21:52,Evening,2025-03-11 21:52:00,21:52,43.0,32.0,65.0,ESE,14.0,0.0,28.89,0.0,Fair
CRM-2025-234,Intimidation,Between 03/11/2025 08:22 and 03/11/2025 10:00,2025-03-11 08:22:00,10 BLK N CLINTON ST,Active - UI Police,2025-03-11,08:22,Morning,2025-03-11 08:22:00,08:52,43.0,36.0,76.0,N,14.0,0.0,28.84,0.0,Fair
CRM-2025-238,Criminal Mischief,03/10/2025 22:31,2025-03-13 22:49:00,Stanley Hall,Active - UI Police,2025-03-13,22:49,Evening,2025-03-13 22:49:00,22:52,54.0,43.0,66.0,E,14.0,0.0,28.74,0.0,Fair
CRM-2025-230,Trespass,03/10/2025 14:16,2025-03-10 14:16:00,Afro-American Cultural Center,Closed - Suspect Issued Criminal Trespass Warning,2025-03-10,14:16,Afternoon,2025-03-10 14:16:00,13:52,70.0,39.0,32.0,S,20.0,0.0,28.76,0.0,Fair
CRM-2025-232,Trespass,03/10/2025 13:30,2025-03-11 10:16:00,Schaeffer Hall,Closed - Suspect Arrested,2025-03-11,10:16,Morning,2025-03-11 10:16:00,09:52,46.0,36.0,68.0,N,17.0,0.0,28.87,0.0,Fair
CRM-2025-216,Harassment x2,Between 03/09/2025 18:35 and 03/09/2025 18:50,2025-03-09 19:09:00,"158 Hawkeye Ct, Cambus",Closed - Suspect Arrested,2025-03-09,19:09,Evening,2025-03-09 19:09:00,00:52,,,,,,,,,
CRM-2025-217,"Interference with Official Acts, Public Intoxication, Dating Violence, Simple Assault",03/09/2025 08:36,2025-03-09 08:36:00,Mayflower Hall,Closed - Suspect Arrested,2025-03-09,08:36,Morning,2025-03-09 08:36:00,03:52,30.0,25.0,82.0,W,8.0,0.0,29.09,0.0,Fair
CRM-2025-218,Aggravated Assault,03/09/2025 07:26,2025-03-09 07:26:00,200 BLK N DUBUQUE ST,Referred to University - Other,2025-03-09,07:26,Morning,2025-03-09 07:26:00,03:52,30.0,25.0,82.0,W,8.0,0.0,29.09,0.0,Fair
CSA-2025-171,Disorderly - Public Urination,03/09/2025 06:45,2025-03-09 08:09:00,Burge Hall,Closed - Referred to Office of Student Accountability,2025-03-09,08:09,Morning,2025-03-09 08:09:00,03:52,30.0,25.0,82.0,W,8.0,0.0,29.09,0.0,Fair
CRM-2025-214,"Falsify Driver's License, Public Intoxication",03/09/2025 00:28,2025-03-09 00:28:00,Anne Cleary Walkway,Closed - Suspect Arrested,2025-03-09,00:28,Night,2025-03-09 00:28:00,23:52,,,,,,,,,
CRM-2025-219,Criminal Mischief,03/08/2025 20:53,2025-03-08 20:53:00,IMUR Ramp,Inactive,2025-03-08,20:53,Evening,2025-03-08 20:53:00,20:52,37.0,26.0,65.0,W,8.0,0.0,29.09,0.0,Fair
CRM-2025-220,Simple Assault,03/08/2025 19:46,2025-03-08 19:46:00,General Hospital,Inactive,2025-03-08,19:46,Evening,2025-03-08 19:46:00,19:52,37.0,26.0,65.0,WSW,9.0,0.0,29.09,0.0,Fair
CRM-2025-221,Simple Assault,03/08/2025 14:03,2025-03-08 14:03:00,General Hospital,Inactive,2025-03-08,14:03,Afternoon,2025-03-08 14:03:00,13:52,48.0,30.0,50.0,W,20.0,29.0,29.11,0.0,Fair
CRM-2025-215,Liquor Law Violations,03/08/2025 11:51,2025-03-08 11:51:00,"Performing Arts Annex, parking lot",Closed - Referred to Office of Student Accountability,2025-03-08,11:51,Morning,2025-03-08 11:51:00,11:52,44.0,32.0,63.0,W,16.0,0.0,29.15,0.0,Fair
CRM-2025-222,Aggravated Assault,03/08/2025 10:05,2025-03-08 10:51:00,General Hospital,Inactive,2025-03-08,10:51,Morning,2025-03-08 10:51:00,10:52,40.0,31.0,70.0,W,9.0,0.0,29.16,0.0,Fair
CRM-2025-223,Aggravated Assault,03/08/2025 09:13,2025-03-08 09:13:00,General Hospital,Closed - Suspect Arrested,2025-03-08,09:13,Morning,2025-03-08 09:13:00,08:52,29.0,26.0,89.0,WSW,8.0,0.0,29.15,0.0,Fair
CRM-2025-224,Simple Assault x2,03/08/2025 01:47,2025-03-08 01:47:00,Burge Hall,Inactive,2025-03-08,01:47,Night,2025-03-08 01:47:00,01:52,0.0,0.0,0.0,NW,9.0,0.0,29.08,0.0,Fair
CRM-2025-225,Simple Assault,03/07/2025 19:59,2025-03-07 22:30:00,General Hospital,Active - UI Police,2025-03-07,22:30,Evening,2025-03-07 22:30:00,22:52,0.0,0.0,0.0,NW,10.0,0.0,29.04,0.0,Fair
CSA-2025-170,Simple Assault,Between 03/07/2025 15:30 and 03/07/2025 16:11,2025-03-07 16:11:00,Wendell Johnson Speech and Hearing Center,Referred to University - Other,2025-03-07,16:11,Afternoon,2025-03-07 16:11:00,15:52,38.0,35.0,89.0,NE,10.0,0.0,28.84,0.0,Cloudy
CRM-2025-226,Criminal Mischief,03/07/2025 11:40,2025-03-07 11:59:00,Hospital Parking Ramp 2,Inactive,2025-03-07,11:59,Morning,2025-03-07 11:59:00,11:52,33.0,33.0,100.0,ENE,14.0,0.0,28.84,0.0,Light Snow
CRM-2025-227,Simple Assault,Between 03/07/2025 10:00 and 03/07/2025 10:10,2025-03-07 10:13:00,General Hospital,Closed - Suspect Arrested,2025-03-07,10:13,Morning,2025-03-07 10:13:00,09:52,33.0,33.0,100.0,E,12.0,0.0,28.85,0.0,Light Snow
CSA-2025-183,Harassment,03/07/2025 08:00,2025-03-07 08:00:00,General Hospital,Referred to University - Other,2025-03-07,08:00,Morning,2025-03-07 08:00:00,07:52,32.0,32.0,100.0,E,10.0,0.0,28.88,0.0,Light Snow
CRM-2025-213,Harassment,03/06/2025 21:22,2025-03-06 21:22:00,Phillips Hall,Inactive,2025-03-06,21:22,Evening,2025-03-06 21:22:00,20:52,35.0,28.0,76.0,SE,3.0,0.0,28.97,0.0,Partly Cloudy
CRM-2025-212,Simple Assault,03/06/2025 16:18,2025-03-06 16:18:00,General Hospital,Inactive,2025-03-06,16:18,Afternoon,2025-03-06 16:18:00,15:52,41.0,25.0,53.0,SW,7.0,0.0,29.01,0.0,Fair
CRM-2025-228,Drug/Narcotic Violation,03/06/2025 02:32,2025-03-06 02:32:00,200 BLK W BURLINGTON ST,Inactive,2025-03-06,02:32,Night,2025-03-06 02:32:00,02:52,24.0,19.0,81.0,WNW,15.0,0.0,28.91,0.0,Fair
CSA-2025-173,Simple Assault,03/05/2025 11:00,2025-03-06 16:06:00,General Hospital,Referred to University - Other,2025-03-06,16:06,Afternoon,2025-03-06 16:06:00,15:52,41.0,25.0,53.0,SW,7.0,0.0,29.01,0.0,Fair
CSA-2025-168,Theft,Between 03/05/2025 09:00 and 03/05/2025 11:00,2025-03-05 11:30:00,Lot 33 - Dental Patients & Visitors,Referred to University - Other,2025-03-05,11:30,Morning,2025-03-05 11:30:00,11:52,31.0,30.0,96.0,NW,33.0,45.0,28.41,0.0,Light Snow / Windy
CRM-2025-208,Trespass,03/05/2025 00:59,2025-03-05 00:59:00,UI Health Care Medical Center Downtown,Closed - Suspect Arrested,2025-03-05,00:59,Night,2025-03-05 00:59:00,00:52,25.0,20.0,81.0,NW,18.0,0.0,28.88,0.0,Fair
CRM-2025-229,Theft,Between 03/04/2025 20:00 and 03/05/2025 07:30,2025-03-10 10:22:00,Mayflower Hall,Unfounded,2025-03-10,10:22,Morning,2025-03-10 10:22:00,09:52,46.0,36.0,68.0,S,6.0,0.0,28.89,0.0,Fair
CRM-2025-205,Aggravated Assault,Between 03/04/2025 13:00 and 03/04/2025 13:05,2025-03-04 13:12:00,General Hospital,Inactive,2025-03-04,13:12,Afternoon,2025-03-04 13:12:00,12:52,55.0,46.0,72.0,SE,16.0,25.0,28.53,0.0,Mostly Cloudy
CRM-2025-210,Criminal Mischief,Between 03/04/2025 12:20 and 03/05/2025 12:20,2025-03-05 12:20:00,Main Library,Inactive,2025-03-05,12:20,Afternoon,2025-03-05 12:20:00,12:24,31.0,29.0,92.0,NNW,28.0,40.0,28.45,0.0,Light Snow / Windy
CSA-2025-175,Simple Assault,03/04/2025 08:00,2025-03-04 08:00:00,Laundry,Referred to University - Other,2025-03-04,08:00,Morning,2025-03-04 08:00:00,07:52,42.0,42.0,100.0,SE,5.0,0.0,28.66,0.0,Fair
CRM-2025-209,Simple Assault,Between 03/04/2025 04:00 and 03/04/2025 05:30,2025-03-05 10:51:00,General Hospital,Active - UI Police,2025-03-05,10:51,Morning,2025-03-05 10:51:00,10:52,31.0,31.0,100.0,NW,30.0,43.0,28.37,0.0,Fog / Windy
CRM-2025-203,Theft,Between 03/04/2025 02:00 and 03/04/2025 04:00,2025-03-04 07:49:00,General Hospital,Inactive,2025-03-04,07:49,Morning,2025-03-04 07:49:00,07:52,42.0,42.0,100.0,SE,5.0,0.0,28.66,0.0,Fair
CRM-2025-202,Simple Assault x3,Between 03/03/2025 21:10 and 03/03/2025 21:40,2025-03-03 22:09:00,General Hospital,Inactive,2025-03-03,22:09,Evening,2025-03-03 22:09:00,21:52,52.0,34.0,50.0,SSE,17.0,26.0,28.77,0.0,Cloudy
CRM-2025-207,"Harassment, Stalking",Between 03/03/2025 19:38 and 03/04/2025 16:41,2025-03-04 17:27:00,Mayflower Hall,Active - UI Police,2025-03-04,17:27,Afternoon,2025-03-04 17:27:00,17:52,47.0,47.0,100.0,ESE,14.0,0.0,28.4,0.1,Heavy Rain
CRM-2025-211,Extortion/Blackmail,Between 03/03/2025 16:31 and 03/04/2025 18:31,2025-03-05 15:35:00,Dental Science Building,Inactive,2025-03-05,15:35,Afternoon,2025-03-05 15:35:00,15:52,30.0,25.0,82.0,NW,31.0,48.0,28.6,0.0,Cloudy / Windy
CRM-2025-204,Theft,Between 03/03/2025 07:45 and 03/03/2025 17:00,2025-03-04 08:14:00,"Hospital Parking Ramp 1, bike rack",Active - UI Police,2025-03-04,08:14,Morning,2025-03-04 08:14:00,07:52,42.0,42.0,100.0,SE,5.0,0.0,28.66,0.0,Fair
CRM-2025-200,"Drug Equipment Violation, Drug/Narcotic Violation",03/03/2025 05:20,2025-03-03 05:20:00,"Biology Building East, exterior",Closed - Suspect Arrested,2025-03-03,05:20,Night,2025-03-03 05:20:00,04:52,35.0,19.0,52.0,SSE,14.0,0.0,29.05,0.0,Cloudy
CRM-2025-196,"Criminal Mischief, Simple Assault",03/02/2025 09:19,2025-03-02 09:19:00,General Hospital,Closed - Suspect Arrested,2025-03-02,09:19,Morning,2025-03-02 09:19:00,08:52,20.0,13.0,74.0,CALM,0.0,0.0,29.35,0.0,Fair
CRM-2025-195,"Interference with Official Acts, Public Intoxication",03/01/2025 23:51,2025-03-01 23:51:00,200 BLK E WASHINGTON ST,Closed - Suspect Arrested,2025-03-01,23:51,Evening,2025-03-01 23:51:00,23:52,17.0,6.0,62.0,NW,6.0,0.0,29.31,0.0,Fair
CRM-2025-194,Simple Assault,Between 03/01/2025 11:10 and 03/01/2025 11:15,2025-03-01 14:22:00,"Field House, exterior",Inactive,2025-03-01,14:22,Afternoon,2025-03-01 14:22:00,13:52,30.0,6.0,36.0,N,12.0,0.0,29.29,0.0,Fair
CRM-2025-193,"Extortion/Blackmail, Stalking",Between 03/01/2025 10:00 and 03/01/2025 11:50,2025-03-01 11:00:00,Stanley Hall,Inactive,2025-03-01,11:00,Morning,2025-03-01 11:00:00,10:52,27.0,13.0,56.0,N,14.0,0.0,29.27,0.0,Mostly Cloudy
CRM-2025-198,Driving Under the Influence,03/01/2025 02:15,2025-03-01 02:15:00,1100 BLK N DUBUQUE ST,Closed - Suspect Arrested,2025-03-01,02:15,Night,2025-03-01 02:15:00,01:52,25.0,19.0,78.0,NW,14.0,0.0,28.99,0.0,Blowing Dust
CRM-2025-199,Liquor Law Violations,03/01/2025 01:33,2025-03-01 01:33:00,Daum Hall,Closed - Referred to Office of Student Accountability,2025-03-01,01:33,Night,2025-03-01 01:33:00,01:52,25.0,19.0,78.0,NW,14.0,0.0,28.99,0.0,Blowing Dust
CRM-2025-191,Simple Assault,02/28/2025 22:30,2025-02-28 22:30:00,General Hospital,Inactive,2025-02-28,22:30,Evening,2025-02-28 22:30:00,22:52,31.0,20.0,64.0,NW,23.0,30.0,28.94,0.0,Blowing Dust / Windy
CRM-2025-190,Harassment,02/28/2025 18:25,2025-02-28 19:13:00,Hillcrest Hall,Inactive,2025-02-28,19:13,Evening,2025-02-28 19:13:00,18:52,43.0,25.0,49.0,NW,32.0,45.0,28.8,0.0,Blowing Dust / Windy
CRM-2025-189,"Aggravated Assault x3, Simple Assault",02/28/2025 17:42,2025-02-28 17:45:00,General Hospital,Active - UI Police,2025-02-28,17:45,Afternoon,2025-02-28 17:45:00,17:52,49.0,30.0,48.0,NW,35.0,52.0,28.76,0.0,Blowing Dust / Windy
CRM-2025-197,Burglary,Between 02/28/2025 11:05 and 02/28/2025 12:30,2025-02-28 13:10:00,Hillcrest Hall,Inactive,2025-02-28,13:10,Afternoon,2025-02-28 13:10:00,12:52,59.0,35.0,41.0,WNW,29.0,40.0,28.68,0.0,Fair / Windy
CSA-2025-187,Stalking,Between 02/28/2025 08:00 and 04/29/2024 23:59,2025-02-28 08:00:00,Lindquist Center,Inactive,2025-02-28,08:00,Morning,2025-02-28 08:00:00,07:52,39.0,29.0,67.0,SW,16.0,0.0,28.67,0.0,Fair
CRM-2025-187,Criminal Mischief,02/28/2025 02:25,2025-02-28 02:28:00,Slater Hall,Inactive,2025-02-28,02:28,Night,2025-02-28 02:28:00,02:52,37.0,27.0,67.0,SSW,12.0,0.0,28.88,0.0,Fair
CRM-2025-186,"Falsify Driver's License, Liquor Law Violations x2",Between 02/28/2025 01:56 and 02/28/2025 02:06,2025-02-28 01:56:00,Byington/Grand,Closed - Referred to Office of Student Accountability,2025-02-28,01:56,Night,2025-02-28 01:56:00,01:52,34.0,26.0,73.0,SSW,9.0,0.0,28.93,0.0,Fair
CRM-2025-185,"Harassment, Public Intoxication, Simple Assault, Stalking",02/28/2025 00:42,2025-02-28 00:42:00,Burge Hall,Closed - Suspect Arrested,2025-02-28,00:42,Night,2025-02-28 00:42:00,00:52,28.0,19.0,69.0,NW,18.0,28.0,28.97,0.0,Blowing Dust
CRM-2025-188,"Drug Equipment Violation, Drug/Narcotic Violation",02/27/2025 20:19,2025-02-27 20:19:00,Byington/Grand,Inactive,2025-02-27,20:19,Evening,2025-02-27 20:19:00,19:52,39.0,27.0,62.0,WNW,10.0,0.0,29.07,0.0,Fair
CSA-2025-166,Liquor Law Violations x2,02/27/2025 13:15,2025-02-27 17:00:00,Catlett Residence Hall,Closed - Referred to Office of Student Accountability,2025-02-27,17:00,Afternoon,2025-02-27 17:00:00,16:52,52.0,29.0,41.0,WNW,24.0,39.0,29.06,0.0,Fair / Windy
CRM-2025-183,Disorderly Conduct,02/27/2025 11:40,2025-02-27 11:40:00,General Hospital,Closed - Suspect Issued Criminal Trespass Warning,2025-02-27,11:40,Morning,2025-02-27 11:40:00,11:52,45.0,34.0,65.0,NW,22.0,28.0,29.08,0.0,Fair / Windy
CRM-2025-182,Criminal Mischief,Between 02/27/2025 07:50 and 02/28/2025 08:00,2025-02-27 08:06:00,General Hospital,Inactive,2025-02-27,08:06,Morning,2025-02-27 08:06:00,07:52,33.0,30.0,89.0,WNW,16.0,0.0,29.01,0.0,Fair
CSA-2025-165,Stalking,02/25/2025 22:44,2025-02-26 11:32:00,Bowen Science Building,Closed - Referred to Title IX Coordinator,2025-02-26,11:32,Morning,2025-02-26 11:32:00,11:52,44.0,38.0,79.0,WNW,15.0,0.0,28.83,0.0,Fair
CRM-2025-178,"Harassment, Stalking",02/25/2025 22:20,2025-02-25 22:33:00,Main Library,Inactive,2025-02-25,22:33,Evening,2025-02-25 22:33:00,22:52,41.0,31.0,67.0,SE,5.0,0.0,28.89,0.0,Fair
CSA-2025-162,Stalking,02/25/2025 19:30,2025-02-25 19:57:00,Burge Hall,Closed - Referred to Title IX Coordinator,2025-02-25,19:57,Evening,2025-02-25 19:57:00,19:52,41.0,30.0,65.0,ESE,5.0,0.0,28.89,0.0,Fair
CRM-2025-180,Theft,02/25/2025 15:34,2025-02-25 15:34:00,General Hospital,Inactive,2025-02-25,15:34,Afternoon,2025-02-25 15:34:00,15:52,55.0,33.0,43.0,SW,7.0,0.0,28.92,0.0,Fair
CSA-2025-178,Stalking,02/25/2025 08:00,2025-02-25 08:00:00,College of Public Health Building,Referred to University - Other,2025-02-25,08:00,Morning,2025-02-25 08:00:00,07:52,31.0,31.0,100.0,NNW,9.0,0.0,28.94,0.0,Fair
CSA-2025-179,Stalking x2,02/25/2025 08:00,2025-02-25 08:00:00,Bowen Science Building,Referred to University - Other,2025-02-25,08:00,Morning,2025-02-25 08:00:00,07:52,31.0,31.0,100.0,NNW,9.0,0.0,28.94,0.0,Fair
CRM-2025-174,"Intimidation, Simple Assault",02/24/2025 23:06,2025-02-24 23:06:00,General Hospital,Closed - Suspect Arrested,2025-02-24,23:06,Evening,2025-02-24 23:06:00,22:52,43.0,38.0,82.0,NW,12.0,24.0,28.84,0.0,Light Rain
CSA-2025-160,Drug/Narcotic Violation,02/24/2025 22:00,2025-02-24 22:35:00,Stanley Hall,Closed - Referred to Office of Student Accountability,2025-02-24,22:35,Evening,2025-02-24 22:35:00,22:52,43.0,38.0,82.0,NW,12.0,24.0,28.84,0.0,Light Rain
CSA-2025-169,Stalking,Between 02/24/2025 17:00 and 03/04/2025 23:59,2025-03-05 09:38:00,Afro-American Cultural Center,Closed - Referred to Title IX Coordinator,2025-03-05,09:38,Morning,2025-03-05 09:38:00,09:34,31.0,31.0,100.0,NW,28.0,41.0,28.3,0.0,Fog / Windy
CRM-2025-179,Fraudulent Offense,02/24/2025 08:41,2025-02-25 11:53:00,General Hospital,Inactive,2025-02-25,11:53,Morning,2025-02-25 11:53:00,11:52,45.0,38.0,76.0,W,13.0,0.0,29.01,0.0,Fair
CSA-2025-172,Theft,Between 02/24/2025 06:30 and 02/25/2025 07:30,2025-03-07 10:48:00,General Hospital,Referred to University - Other,2025-03-07,10:48,Morning,2025-03-07 10:48:00,10:52,33.0,33.0,100.0,ENE,13.0,0.0,28.84,0.0,Light Snow
CRM-2025-177,Theft,02/23/2025 15:30,2025-02-25 11:53:00,General Hospital,Closed - Suspect Arrested,2025-02-25,11:53,Morning,2025-02-25 11:53:00,11:52,45.0,38.0,76.0,W,13.0,0.0,29.01,0.0,Fair
CRM-2025-167,Harassment,02/23/2025 04:45,2025-02-23 05:23:00,General Hospital,Closed - Suspect Arrested,2025-02-23,05:23,Night,2025-02-23 05:23:00,05:52,21.0,18.0,88.0,S,8.0,0.0,29.1,0.0,Fair
CRM-2025-170,Driving Under the Influence,02/23/2025 02:01,2025-02-23 02:01:00,100 BLK N DUBUQUE ST,Closed - Suspect Arrested,2025-02-23,02:01,Night,2025-02-23 02:01:00,01:52,19.0,16.0,88.0,S,6.0,0.0,29.15,0.0,Fair
CRM-2025-166,Driving Under the Influence,02/23/2025 01:52,2025-02-23 01:52:00,200 BLK E WASHINGTON ST,Closed - Suspect Arrested,2025-02-23,01:52,Night,2025-02-23 01:52:00,01:52,19.0,16.0,88.0,S,6.0,0.0,29.15,0.0,Fair
CRM-2025-169,Public Intoxication,02/23/2025 01:44,2025-02-23 01:44:00,10 BLK S CLINTON ST,Closed - Referred to Office of Student Accountability,2025-02-23,01:44,Night,2025-02-23 01:44:00,01:52,19.0,16.0,88.0,S,6.0,0.0,29.15,0.0,Fair
CRM-2025-165,Public Intoxication,02/23/2025 00:45,2025-02-23 00:45:00,325 Grand Avenue,Closed - Suspect Arrested,2025-02-23,00:45,Night,2025-02-23 00:45:00,00:52,37.0,31.0,79.0,SSW,8.0,0.0,28.86,0.0,Fair
CRM-2025-168,Driving While License Revoked,02/22/2025 23:10,2025-02-22 23:10:00,300 BLK E WASHINGTON ST,Closed - Suspect Arrested,2025-02-22,23:10,Evening,2025-02-22 23:10:00,22:52,23.0,18.0,81.0,SSW,7.0,0.0,29.18,0.0,Fair
CSA-2025-159,Liquor Law Violations x6,02/22/2025 21:05,2025-02-22 22:00:00,Stanley Hall,Closed - Referred to Office of Student Accountability,2025-02-22,22:00,Evening,2025-02-22 22:00:00,21:52,25.0,19.0,78.0,S,7.0,0.0,29.18,0.0,Fair
CRM-2025-164,Simple Assault x2,02/22/2025 19:15,2025-02-22 20:55:00,General Hospital,Active - UI Police,2025-02-22,20:55,Evening,2025-02-22 20:55:00,20:52,25.0,19.0,78.0,SSW,5.0,0.0,29.2,0.0,Haze
CRM-2025-172,Simple Assault,Between 02/22/2025 19:00 and 02/23/2025 06:00,2025-02-24 10:41:00,General Hospital,Unfounded,2025-02-24,10:41,Morning,2025-02-24 10:41:00,10:52,49.0,38.0,66.0,W,10.0,0.0,28.82,0.0,Fair
CRM-2025-163,Simple Assault x2,Between 02/22/2025 17:00 and 02/22/2025 17:20,2025-02-22 20:20:00,General Hospital,Active - UI Police,2025-02-22,20:20,Evening,2025-02-22 20:20:00,19:52,28.0,20.0,72.0,CALM,0.0,0.0,29.2,0.0,Fair
CRM-2025-162,Criminal Mischief,Between 02/22/2025 00:00 and 02/22/2025 09:00,2025-02-22 09:32:00,Currier Hall,Inactive,2025-02-22,09:32,Morning,2025-02-22 09:32:00,09:52,14.0,7.0,74.0,SSW,15.0,0.0,29.28,0.0,Fair
CRM-2025-176,Harassment,02/21/2025 15:24,2025-02-21 16:15:00,Biology Building,Inactive,2025-02-21,16:15,Afternoon,2025-02-21 16:15:00,15:52,20.0,10.0,65.0,SW,12.0,0.0,29.55,0.0,Fair
CRM-2025-175,Theft,Between 02/21/2025 15:00 and 02/24/2025 09:00,2025-02-24 14:42:00,"IMUR Ramp, bike rack",Inactive,2025-02-24,14:42,Afternoon,2025-02-24 14:42:00,14:52,58.0,39.0,49.0,NW,14.0,0.0,28.81,0.0,Fair
CRM-2025-160,Liquor Law Violations,02/21/2025 02:00,2025-02-21 02:00:00,Stanley Hall,Closed - Referred to Office of Student Accountability,2025-02-21,02:00,Night,2025-02-21 02:00:00,01:52,2.0,4.0,91.0,W,6.0,0.0,29.66,0.0,Fair
CRM-2025-161,False Reports,02/21/2025 01:49,2025-02-21 01:49:00,Mayflower Hall,Inactive,2025-02-21,01:49,Night,2025-02-21 01:49:00,01:52,2.0,4.0,91.0,W,6.0,0.0,29.66,0.0,Fair
CRM-2025-159,Criminal Mischief,02/21/2025 01:43,2025-02-21 01:43:00,Stanley Hall,Inactive,2025-02-21,01:43,Night,2025-02-21 01:43:00,01:52,2.0,4.0,91.0,W,6.0,0.0,29.66,0.0,Fair
CRM-2025-158,Liquor Law Violations,02/20/2025 22:49,2025-02-20 22:49:00,Currier Hall,Inactive,2025-02-20,22:49,Evening,2025-02-20 22:49:00,22:52,1.0,2.0,87.0,WNW,6.0,0.0,29.67,0.0,Fair
CRM-2025-157,Criminal Mischief,02/20/2025 20:33,2025-02-20 20:33:00,Lot 85 - Hawkeye Commuter Lot,Active - UI Police,2025-02-20,20:33,Evening,2025-02-20 20:33:00,20:52,3.0,1.0,84.0,W,9.0,0.0,29.65,0.0,Fair
CRM-2025-156,Harassment,02/20/2025 19:09,2025-02-20 19:09:00,General Hospital,Inactive,2025-02-20,19:09,Evening,2025-02-20 19:09:00,18:52,11.0,4.0,73.0,NW,12.0,0.0,29.63,0.0,Fair
CRM-2025-154,Aggravated Assault,02/20/2025 12:16,2025-02-20 12:16:00,General Hospital,Inactive,2025-02-20,12:16,Afternoon,2025-02-20 12:16:00,11:52,4.0,2.0,76.0,NW,14.0,0.0,29.64,0.0,Fair
CRM-2025-155,Criminal Mischief,Between 02/20/2025 12:00 and 02/20/2025 16:17,2025-02-20 16:17:00,Main Library,Inactive,2025-02-20,16:17,Afternoon,2025-02-20 16:17:00,15:52,13.0,6.0,74.0,W,14.0,0.0,29.63,0.0,Fair
CSA-2025-164,Stalking,02/20/2025 05:30,2025-02-20 06:21:00,Rienow Hall,Closed - Referred to Title IX Coordinator,2025-02-20,06:21,Morning,2025-02-20 06:21:00,05:52,6.0,11.0,79.0,NW,13.0,0.0,29.56,0.0,Fair
CSA-2025-158,Harassment,02/19/2025 16:47,2025-02-20 16:30:00,General Hospital,Referred to University - Other,2025-02-20,16:30,Afternoon,2025-02-20 16:30:00,16:52,14.0,6.0,71.0,WNW,12.0,0.0,29.63,0.0,Fair
CRM-2025-152,Liquor Law Violations,02/19/2025 04:27,2025-02-19 04:27:00,Hillcrest Hall,Closed - Referred to Office of Student Accountability,2025-02-19,04:27,Night,2025-02-19 04:27:00,04:52,1.0,9.0,69.0,NW,9.0,0.0,29.67,0.0,Cloudy
CRM-2025-151,Theft,Between 02/18/2025 16:40 and 02/18/2025 16:45,2025-02-18 18:06:00,Main Library,Inactive,2025-02-18,18:06,Evening,2025-02-18 18:06:00,17:52,3.0,7.0,63.0,NNW,13.0,0.0,29.63,0.0,Fair
CSA-2025-157,Stolen Property Offense,02/18/2025 15:45,2025-02-18 18:25:00,Currier Hall,Closed - Referred to Office of Student Accountability,2025-02-18,18:25,Evening,2025-02-18 18:25:00,18:52,2.0,7.0,66.0,NNW,15.0,0.0,29.65,0.0,Fair
CRM-2025-150,Simple Assault,Between 02/18/2025 15:35 and 02/18/2025 15:45,2025-02-18 15:49:00,General Hospital,Inactive,2025-02-18,15:49,Afternoon,2025-02-18 15:49:00,15:52,3.0,9.0,57.0,NNW,13.0,0.0,29.64,0.0,Fair
CRM-2025-149,"Harassment, Stalking",02/18/2025 15:14,2025-02-18 15:14:00,General Hospital,Inactive,2025-02-18,15:14,Afternoon,2025-02-18 15:14:00,14:52,5.0,8.0,55.0,NNW,12.0,0.0,29.65,0.0,Fair
CRM-2025-153,Falsify Driver's License,02/18/2025 08:30,2025-02-18 08:30:00,Catlett Residence Hall,Inactive,2025-02-18,08:30,Morning,2025-02-18 08:30:00,08:52,12.0,19.0,71.0,NNW,8.0,0.0,29.66,0.0,Fair
CRM-2025-184,Fraudulent Offense,02/18/2025 08:30,2025-02-18 08:30:00,Catlett Residence Hall,Inactive,2025-02-18,08:30,Morning,2025-02-18 08:30:00,08:52,12.0,19.0,71.0,NNW,8.0,0.0,29.66,0.0,Fair
CRM-2025-148,Criminal Mischief,02/18/2025 08:02,2025-02-18 08:02:00,Field House,Inactive,2025-02-18,08:02,Morning,2025-02-18 08:02:00,07:52,13.0,19.0,75.0,NNW,9.0,0.0,29.65,0.0,Fair
CRM-2025-147,"Aggravated Assault x2, Liquor Law Violations, Public Intoxication",02/17/2025 22:50,2025-02-17 22:50:00,General Hospital,Closed - Suspect Arrested,2025-02-17,22:50,Evening,2025-02-17 22:50:00,22:52,5.0,14.0,65.0,NNW,14.0,0.0,29.55,0.0,Fair
CRM-2025-146,Simple Assault,Between 02/17/2025 18:30 and 02/17/2025 18:40,2025-02-17 19:14:00,General Hospital,Inactive,2025-02-17,19:14,Evening,2025-02-17 19:14:00,18:52,3.0,14.0,59.0,NNW,15.0,0.0,29.48,0.0,Cloudy
CRM-2025-145,Criminal Mischief,Between 02/17/2025 13:20 and 02/17/2025 13:30,2025-02-17 13:38:00,General Hospital,Inactive,2025-02-17,13:38,Afternoon,2025-02-17 13:38:00,13:52,1.0,9.0,63.0,NW,20.0,0.0,29.44,0.0,Partly Cloudy
CRM-2025-142,Criminal Mischief,02/16/2025 14:33,2025-02-16 14:33:00,General Hospital,Inactive,2025-02-16,14:33,Afternoon,2025-02-16 14:33:00,14:52,13.0,5.0,71.0,WNW,25.0,0.0,29.2,0.0,Fair / Windy
CRM-2025-141,"Criminal Mischief , Theft",Between 02/16/2025 08:34 and 02/16/2025 11:20,2025-02-16 11:35:00,Pappajohn Business Building,Active - UI Police,2025-02-16,11:35,Morning,2025-02-16 11:35:00,11:52,14.0,7.0,74.0,NW,25.0,32.0,29.17,0.0,Fair / Windy
CSA-2025-156,Burglary,02/16/2025 02:25,2025-02-16 02:45:00,Currier Hall,Closed - Referred to Office of Student Accountability,2025-02-16,02:45,Night,2025-02-16 02:45:00,02:52,21.0,17.0,85.0,NNW,15.0,0.0,29.03,0.0,Cloudy
CRM-2025-143,"Driving Under the Influence, Drug Equipment Violation, Weapon Law Violation",02/16/2025 02:14,2025-02-16 02:14:00,300 Blk N Gilbert Street,Closed - Suspect Arrested,2025-02-16,02:14,Night,2025-02-16 02:14:00,01:52,22.0,17.0,82.0,NNW,18.0,0.0,29.03,0.0,Cloudy
CSA-2025-155,Theft,02/16/2025 01:15,2025-02-16 02:00:00,Burge Hall,Closed - Referred to Office of Student Accountability,2025-02-16,02:00,Night,2025-02-16 02:00:00,01:52,22.0,17.0,82.0,NNW,18.0,0.0,29.03,0.0,Cloudy
CRM-2025-140,Criminal Mischief,02/15/2025 22:02,2025-02-15 22:02:00,General Hospital,Inactive,2025-02-15,22:02,Evening,2025-02-15 22:02:00,21:52,22.0,17.0,82.0,NNW,14.0,0.0,29.03,0.0,Cloudy
CRM-2025-181,Theft,Between 02/15/2025 18:00 and 02/15/2025 23:00,2025-02-18 15:00:00,Currier Hall,Inactive,2025-02-18,15:00,Afternoon,2025-02-18 15:00:00,14:52,5.0,8.0,55.0,NNW,12.0,0.0,29.65,0.0,Fair
CRM-2025-139,Simple Assault,Between 02/15/2025 09:43 and 02/15/2025 10:00,2025-02-15 10:09:00,General Hospital,Inactive,2025-02-15,10:09,Morning,2025-02-15 10:09:00,09:52,24.0,22.0,91.0,NNE,10.0,0.0,28.99,0.0,Cloudy
CRM-2025-138,Driving Under the Influence,02/15/2025 02:16,2025-02-15 02:16:00,200 BLK S GILBERT ST,Closed - Suspect Arrested,2025-02-15,02:16,Night,2025-02-15 02:16:00,01:52,25.0,20.0,81.0,ESE,8.0,0.0,29.04,0.0,Cloudy
CRM-2025-137,Harassment,02/15/2025 00:29,2025-02-15 00:29:00,General Hospital,Inactive,2025-02-15,00:29,Night,2025-02-15 00:29:00,00:52,22.0,17.0,82.0,NNW,18.0,0.0,29.02,0.0,Cloudy
CRM-2025-136,"Driving While License Revoked , Liquor Law Violations",02/14/2025 19:56,2025-02-14 19:56:00,10 BLK N MADISON ST,Closed - Suspect Arrested,2025-02-14,19:56,Evening,2025-02-14 19:56:00,19:52,24.0,20.0,84.0,SE,21.0,29.0,29.14,0.0,Cloudy / Windy
CRM-2025-135,Simple Assault,02/14/2025 19:18,2025-02-14 19:18:00,General Hospital,Inactive,2025-02-14,19:18,Evening,2025-02-14 19:18:00,19:20,23.0,20.0,88.0,SSE,21.0,31.0,29.15,0.0,Cloudy / Windy
CRM-2025-134,Simple Assault,02/14/2025 17:54,2025-02-14 17:54:00,General Hospital,Inactive,2025-02-14,17:54,Afternoon,2025-02-14 17:54:00,17:52,23.0,18.0,81.0,SE,22.0,0.0,29.15,0.0,Cloudy / Windy
CSA-2025-163,Theft,Between 02/14/2025 09:00 and 02/14/2025 17:13,2025-02-14 17:13:00,General Hospital,Referred to University - Other,2025-02-14,17:13,Afternoon,2025-02-14 17:13:00,16:52,24.0,15.0,69.0,SE,24.0,36.0,29.18,0.0,Light Snow / Windy
CRM-2025-132,Liquor Law Violations,02/14/2025 01:17,2025-02-14 01:17:00,Stanley Hall,Closed - Referred to Office of Student Accountability,2025-02-14,01:17,Night,2025-02-14 01:17:00,00:52,25.0,20.0,81.0,SE,12.0,0.0,29.07,0.0,Cloudy
CRM-2025-130,Simple Assault x2,02/13/2025 14:22,2025-02-13 14:22:00,General Hospital,Inactive,2025-02-13,14:22,Afternoon,2025-02-13 14:22:00,14:52,4.0,4.0,70.0,WNW,12.0,0.0,29.47,0.0,Fair
CRM-2025-171,Fondling,Between 02/13/2025 00:00 and 02/18/2025 23:59,2025-02-20 16:37:00,General Hospital,Unfounded,2025-02-20,16:37,Afternoon,2025-02-20 16:37:00,16:52,14.0,6.0,71.0,WNW,12.0,0.0,29.63,0.0,Fair
CSA-2025-150,Theft,Between 02/12/2025 22:50 and 02/13/2025 00:50,2025-02-13 04:32:00,400 BLK E BURLINGTON ST,Referred to University - Other,2025-02-13,04:32,Night,2025-02-13 04:32:00,04:52,1.0,4.0,87.0,NW,14.0,0.0,29.17,0.0,Fair
CRM-2025-128,Theft,02/12/2025 15:22,2025-02-12 15:40:00,University Capitol Centre,Closed - Suspect Arrested,2025-02-12,15:40,Afternoon,2025-02-12 15:40:00,15:52,16.0,13.0,88.0,N,16.0,0.0,28.99,0.0,Light Snow
CRM-2025-129,Criminal Mischief,02/12/2025 15:21,2025-02-12 15:29:00,General Hospital,Inactive,2025-02-12,15:29,Afternoon,2025-02-12 15:29:00,15:52,16.0,13.0,88.0,N,16.0,0.0,28.99,0.0,Light Snow
CRM-2025-127,Simple Assault x2,02/11/2025 20:11,2025-02-11 20:11:00,General Hospital,Inactive,2025-02-11,20:11,Evening,2025-02-11 20:11:00,19:52,19.0,0.0,43.0,N,13.0,0.0,29.28,0.0,Cloudy
CRM-2025-126,Simple Assault,02/11/2025 11:40,2025-02-11 11:40:00,General Hospital,Inactive,2025-02-11,11:40,Morning,2025-02-11 11:40:00,11:52,18.0,3.0,52.0,NNE,15.0,0.0,29.4,0.0,Cloudy
CRM-2025-123,Public Intoxication,02/10/2025 23:02,2025-02-10 23:02:00,Main Library,Inactive,2025-02-10,23:02,Evening,2025-02-10 23:02:00,22:52,24.0,10.0,55.0,N,15.0,0.0,29.45,0.0,Mostly Cloudy
CRM-2025-131,Theft,Between 02/10/2025 21:30 and 02/10/2025 21:45,2025-02-13 15:06:00,Campus Recreation and Wellness Center,Active - UI Police,2025-02-13,15:06,Afternoon,2025-02-13 15:06:00,14:52,4.0,4.0,70.0,WNW,12.0,0.0,29.47,0.0,Fair
CRM-2025-125,"Indecent Exposure, Public Intoxication",02/10/2025 19:50,2025-02-10 19:50:00,800 BLK W MELROSE AVE,Referred to University - Other,2025-02-10,19:50,Evening,2025-02-10 19:50:00,19:52,29.0,9.0,43.0,NE,5.0,0.0,29.42,0.0,Partly Cloudy
CRM-2025-122,Simple Assault,02/10/2025 14:30,2025-02-10 14:30:00,UI Health Care Medical Center Downtown,Inactive,2025-02-10,14:30,Afternoon,2025-02-10 14:30:00,14:52,34.0,9.0,35.0,CALM,0.0,0.0,29.49,0.0,Fair
CRM-2025-121,Criminal Mischief,02/10/2025 14:00,2025-02-10 14:00:00,UI Health Care Medical Center Downtown,Inactive,2025-02-10,14:00,Afternoon,2025-02-10 14:00:00,13:52,32.0,9.0,38.0,WNW,3.0,0.0,29.53,0.0,Fair
CSA-2025-144,Liquor Law Violations,02/09/2025 23:00,2025-02-10 02:40:00,Slater Hall,Closed - Referred to Office of Student Accountability,2025-02-10,02:40,Night,2025-02-10 02:40:00,02:52,9.0,3.0,77.0,SW,5.0,0.0,29.51,0.0,Fair
CRM-2025-119,Simple Assault,02/09/2025 19:00,2025-02-09 19:00:00,General Hospital,Inactive,2025-02-09,19:00,Evening,2025-02-09 19:00:00,18:52,20.0,3.0,48.0,NW,6.0,0.0,29.46,0.0,Fair
CRM-2025-124,Fondling,02/09/2025 11:16,2025-02-10 08:35:00,Field House,Active - UI Police,2025-02-10,08:35,Morning,2025-02-10 08:35:00,08:52,11.0,7.0,84.0,CALM,0.0,0.0,29.57,0.0,Fair
CRM-2025-118,Theft,02/09/2025 03:19,2025-02-09 03:19:00,Currier Hall,Inactive,2025-02-09,03:19,Night,2025-02-09 03:19:00,03:06,18.0,11.0,74.0,NNW,9.0,0.0,29.36,0.0,Mostly Cloudy
CRM-2025-120,Driving Under the Influence,02/09/2025 02:00,2025-02-09 02:00:00,Rocky Shore Dr/Hwy 6,Closed - Suspect Arrested,2025-02-09,02:00,Night,2025-02-09 02:00:00,01:52,21.0,13.0,71.0,NNW,16.0,0.0,29.35,0.0,Cloudy
CRM-2025-117,Liquor Law Violations,02/09/2025 01:54,2025-02-09 01:54:00,Burge Hall,Closed - Referred to Office of Student Accountability,2025-02-09,01:54,Night,2025-02-09 01:54:00,01:52,21.0,13.0,71.0,NNW,16.0,0.0,29.35,0.0,Cloudy
CSA-2025-143,Liquor Law Violations x3,02/08/2025 21:30,2025-02-08 22:35:00,Mayflower Hall,Closed - Referred to Office of Student Accountability,2025-02-08,22:35,Evening,2025-02-08 22:35:00,22:52,23.0,15.0,72.0,NNW,17.0,29.0,29.3,0.0,Cloudy
CSA-2025-148,Stalking,Between 02/08/2025 12:30 and 02/13/2025 16:00,2025-02-12 10:25:00,Medical Laboratories,Closed - Referred to Title IX Coordinator,2025-02-12,10:25,Morning,2025-02-12 10:25:00,10:52,13.0,11.0,92.0,NE,10.0,0.0,29.1,0.0,Fog
CSA-2025-142,Liquor Law Violations,02/07/2025 23:15,2025-02-08 00:15:00,Slater Hall,Closed - Referred to Office of Student Accountability,2025-02-08,00:15,Night,2025-02-08 00:15:00,23:52,22.0,15.0,75.0,NNW,13.0,23.0,29.32,0.0,Cloudy
CRM-2025-144,Drug Equipment Violation,02/07/2025 21:04,2025-02-07 21:04:00,Burge Hall,Inactive,2025-02-07,21:04,Evening,2025-02-07 21:04:00,20:52,22.0,16.0,78.0,ESE,8.0,0.0,29.19,0.0,Fair
CRM-2025-116,Theft,Between 02/07/2025 18:30 and 02/07/2025 20:30,2025-02-08 10:14:00,Carver-Hawkeye Arena,Inactive,2025-02-08,10:14,Morning,2025-02-08 10:14:00,10:08,29.0,18.0,64.0,E,10.0,0.0,29.0,0.0,Cloudy
CRM-2025-114,Liquor Law Violations,02/07/2025 03:14,2025-02-07 03:14:00,10 BLK S CLINTON ST,Inactive,2025-02-07,03:14,Night,2025-02-07 03:14:00,02:52,18.0,7.0,62.0,N,9.0,0.0,29.29,0.0,Fair
CRM-2025-113,Theft,02/06/2025 19:00,2025-02-06 20:15:00,Pappajohn Business Building,Inactive,2025-02-06,20:15,Evening,2025-02-06 20:15:00,19:52,31.0,17.0,57.0,W,17.0,0.0,29.15,0.0,Fair
CRM-2025-112,Criminal Mischief,Between 02/06/2025 09:00 and 02/06/2025 09:23,2025-02-06 09:23:00,"Hawkeye Tennis and Recreation Complex, parking lot",Inactive,2025-02-06,09:23,Morning,2025-02-06 09:23:00,09:52,28.0,24.0,85.0,WNW,24.0,33.0,29.08,0.0,Mostly Cloudy / Windy
CRM-2025-109,"Harassment, Stalking",02/05/2025 17:31,2025-02-05 17:31:00,General Hospital,Active - UI Police,2025-02-05,17:31,Afternoon,2025-02-05 17:31:00,17:16,28.0,25.0,88.0,ESE,16.0,0.0,29.0,0.0,Mist
CSA-2025-139,Stalking,02/05/2025 12:50,2025-02-06 10:36:00,UIHC Integrated Services Center,Closed - Referred to Title IX Coordinator,2025-02-06,10:36,Morning,2025-02-06 10:36:00,10:52,28.0,24.0,85.0,WNW,22.0,0.0,29.09,0.0,Mostly Cloudy / Windy
CRM-2025-108,Criminal Mischief,02/05/2025 12:09,2025-02-05 12:09:00,Main Library,Inactive,2025-02-05,12:09,Afternoon,2025-02-05 12:09:00,12:00,26.0,19.0,75.0,E,14.0,0.0,29.26,0.0,Cloudy
CRM-2025-107,Simple Assault,02/05/2025 09:46,2025-02-05 09:46:00,General Hospital,Inactive,2025-02-05,09:46,Morning,2025-02-05 09:46:00,09:52,22.0,16.0,78.0,ESE,15.0,0.0,29.31,0.0,Cloudy
CRM-2025-115,Motor Vehicle Theft,Between 02/05/2025 09:00 and 02/07/2025 16:30,2025-02-07 16:40:00,"Biology Building East, moped parking lot",Unfounded,2025-02-07,16:40,Afternoon,2025-02-07 16:40:00,16:52,32.0,12.0,44.0,ESE,7.0,0.0,29.26,0.0,Mostly Cloudy
CSA-2025-149,Stalking,Between 02/05/2025 00:00 and 02/07/2025 23:59,2025-02-10 08:00:00,UI Health Care Medical Center North Liberty,Closed - Referred to Title IX Coordinator,2025-02-10,08:00,Morning,2025-02-10 08:00:00,07:52,9.0,5.0,84.0,NNW,6.0,0.0,29.55,0.0,Fair
CSA-2025-136,Liquor Law Violations,02/04/2025 23:00,2025-02-05 03:00:00,Mayflower Hall,Closed - Referred to Office of Student Accountability,2025-02-05,03:00,Night,2025-02-05 03:00:00,02:52,19.0,8.0,62.0,ENE,13.0,0.0,29.45,0.0,Fair
CSA-2025-135,"Dating Violence, Fondling",Between 02/04/2025 20:00 and 02/04/2025 21:00,2025-02-04 23:54:00,East Side Residential Hall,Closed - Referred to Office of Student Accountability,2025-02-04,23:54,Evening,2025-02-04 23:54:00,23:52,21.0,8.0,57.0,ENE,13.0,0.0,29.47,0.0,Fair
CRM-2025-103,Theft,02/04/2025 17:46,2025-02-04 17:46:00,150 S Grand Ave,Inactive,2025-02-04,17:46,Afternoon,2025-02-04 17:46:00,17:52,23.0,6.0,48.0,ENE,12.0,0.0,29.48,0.0,Fair
CRM-2025-102,Simple Assault,02/04/2025 16:34,2025-02-04 16:34:00,General Hospital,Inactive,2025-02-04,16:34,Afternoon,2025-02-04 16:34:00,16:52,24.0,6.0,46.0,NE,13.0,0.0,29.5,0.0,Fair
CRM-2025-99,Disorderly Conduct,02/04/2025 08:27,2025-02-04 08:27:00,UI Health Care Medical Center Downtown,Closed - Suspect Issued Criminal Trespass Warning,2025-02-04,08:27,Morning,2025-02-04 08:27:00,08:52,13.0,4.0,67.0,N,18.0,0.0,29.49,0.0,Fair
CRM-2025-96,Simple Assault,02/03/2025 22:22,2025-02-03 22:22:00,General Hospital,Inactive,2025-02-03,22:22,Evening,2025-02-03 22:22:00,22:52,33.0,28.0,82.0,NNW,15.0,0.0,29.29,0.0,Cloudy
CRM-2025-100,Criminal Mischief,02/03/2025 12:00,2025-02-04 10:54:00,Visual Arts Building,Inactive,2025-02-04,10:54,Morning,2025-02-04 10:54:00,10:52,17.0,6.0,62.0,NNE,16.0,0.0,29.52,0.0,Fair
CRM-2025-133,Theft,Between 02/03/2025 11:12 and 02/14/2025 12:25,2025-02-14 12:25:00,Lot 39 - Hawkeye Storage,Inactive,2025-02-14,12:25,Afternoon,2025-02-14 12:25:00,12:52,21.0,13.0,71.0,SE,18.0,25.0,29.39,0.0,Fair
CRM-2025-95,Simple Assault x2,02/03/2025 09:43,2025-02-03 09:43:00,General Hospital,Closed - Suspect Arrested,2025-02-03,09:43,Morning,2025-02-03 09:43:00,09:52,42.0,39.0,89.0,NE,7.0,0.0,28.86,0.0,Fair
CRM-2025-94,Theft,02/03/2025 01:01,2025-02-03 01:01:00,Rienow Hall,Inactive,2025-02-03,01:01,Night,2025-02-03 01:01:00,00:52,28.0,22.0,78.0,N,16.0,0.0,29.34,0.0,Fair
CRM-2025-93,Trespass,02/02/2025 11:30,2025-02-02 11:30:00,Carver-Hawkeye Arena,Closed - Suspect Issued Criminal Trespass Warning,2025-02-02,11:30,Morning,2025-02-02 11:30:00,11:52,41.0,39.0,93.0,SSW,6.0,0.0,29.0,0.0,Haze
CRM-2025-97,Harassment,Between 02/02/2025 04:00 and 02/02/2025 04:30,2025-02-02 06:25:00,General Hospital,Inactive,2025-02-02,06:25,Morning,2025-02-02 06:25:00,06:52,36.0,34.0,93.0,S,6.0,0.0,28.95,0.0,Cloudy
CRM-2025-91,"Harassment, Simple Assault",02/02/2025 01:55,2025-02-02 01:55:00,General Hospital,Closed - Suspect Arrested,2025-02-02,01:55,Night,2025-02-02 01:55:00,01:52,36.0,32.0,86.0,SSE,9.0,0.0,28.97,0.0,Cloudy
CRM-2025-92,Theft,Between 02/01/2025 14:00 and 02/02/2025 07:20,2025-02-02 08:19:00,General Hospital,Inactive,2025-02-02,08:19,Morning,2025-02-02 08:19:00,07:52,36.0,34.0,93.0,S,6.0,0.0,28.96,0.0,Cloudy
CRM-2025-98,Theft,02/01/2025 13:05,2025-02-01 13:05:00,ED Parking Lot,Inactive,2025-02-01,13:05,Afternoon,2025-02-01 13:05:00,12:52,35.0,27.0,72.0,SE,22.0,33.0,29.28,0.0,Fair / Windy
CRM-2025-90,"Falsify Driver's License, Liquor Law Violations",Between 02/01/2025 03:36 and 02/01/2025 04:01,2025-02-01 03:36:00,Burge Hall,Inactive,2025-02-01,03:36,Night,2025-02-01 03:36:00,03:52,27.0,22.0,81.0,E,7.0,0.0,29.27,0.0,Fair
CSA-2025-181,Stalking,Between 02/01/2025 00:00 and 03/12/2025 23:59,2025-03-12 08:00:00,General Hospital,Referred to University - Other,2025-03-12,08:00,Morning,2025-03-12 08:00:00,07:52,28.0,22.0,78.0,NE,7.0,0.0,28.85,0.0,Fair
CRM-2025-88,"False Reports, Trespass",01/31/2025 07:15,2025-01-31 07:15:00,ED Parking Lot,Closed - Suspect Arrested,2025-01-31,07:15,Morning,2025-01-31 07:15:00,07:10,41.0,41.0,100.0,ENE,13.0,0.0,28.71,0.0,Mist
CSA-2025-131,Liquor Law Violations x2,01/31/2025 02:25,2025-01-31 03:00:00,Mayflower Hall,Closed - Referred to Office of Student Accountability,2025-01-31,03:00,Night,2025-01-31 03:00:00,03:04,40.0,40.0,100.0,ENE,9.0,0.0,28.72,0.0,Fog
CRM-2025-86,Simple Assault x2,01/30/2025 14:00,2025-01-30 15:56:00,General Hospital,Inactive,2025-01-30,15:56,Afternoon,2025-01-30 15:56:00,15:52,53.0,40.0,61.0,SSE,10.0,0.0,28.84,0.0,Partly Cloudy
CRM-2025-87,Simple Assault,01/30/2025 12:44,2025-01-30 12:44:00,General Hospital,Inactive,2025-01-30,12:44,Afternoon,2025-01-30 12:44:00,12:52,48.0,34.0,58.0,S,9.0,0.0,28.89,0.0,Fair
CRM-2025-84,Trespass,01/30/2025 04:19,2025-01-30 04:19:00,UI Health Care Medical Center Downtown,Closed - Suspect Issued Criminal Trespass Warning,2025-01-30,04:19,Night,2025-01-30 04:19:00,03:52,26.0,20.0,78.0,SSE,6.0,0.0,29.01,0.0,Fair
CRM-2025-85,Burglary,01/29/2025 22:17,2025-01-29 22:17:00,Woolf Avenue Court Apartments,Active - UI Police,2025-01-29,22:17,Evening,2025-01-29 22:17:00,21:52,30.0,22.0,72.0,CALM,0.0,0.0,29.08,0.0,Fair
CRM-2025-83,Simple Assault,01/29/2025 18:12,2025-01-29 18:12:00,General Hospital,Inactive,2025-01-29,18:12,Evening,2025-01-29 18:12:00,17:52,44.0,24.0,45.0,NW,7.0,0.0,29.06,0.0,Fair
CRM-2025-82,Aggravated Assault,01/29/2025 09:12,2025-01-29 09:12:00,General Hospital,Inactive,2025-01-29,09:12,Morning,2025-01-29 09:12:00,08:52,28.0,23.0,81.0,WNW,10.0,0.0,29.02,0.0,Fair
CRM-2025-79,Trespass x2,01/29/2025 03:12,2025-01-29 03:12:00,Kinnick Stadium,Closed - Suspect Issued Criminal Trespass Warning,2025-01-29,03:12,Night,2025-01-29 03:12:00,02:52,33.0,24.0,70.0,WNW,15.0,0.0,28.88,0.0,Fair
CRM-2025-78,Trespass,01/28/2025 20:56,2025-01-28 20:56:00,Rienow Hall,Inactive,2025-01-28,20:56,Evening,2025-01-28 20:56:00,20:52,41.0,27.0,57.0,W,15.0,0.0,28.75,0.0,Fair
CSA-2025-126,Rape x2,01/28/2025 11:05,2025-01-28 11:05:00,Campus,Closed - Referred to Title IX Coordinator,2025-01-28,11:05,Morning,2025-01-28 11:05:00,10:52,33.0,25.0,72.0,SW,12.0,0.0,28.91,0.0,Fair
CSA-2025-138,Stalking,Between 01/28/2025 00:00 and 01/28/2025 23:59,2025-01-29 14:49:00,Boyd Law Building,Closed - Referred to Title IX Coordinator,2025-01-29,14:49,Afternoon,2025-01-29 14:49:00,14:52,50.0,26.0,39.0,W,14.0,0.0,29.06,0.0,Fair
CRM-2025-77,Theft,Between 01/27/2025 23:00 and 01/28/2025 09:00,2025-01-28 10:29:00,General Hospital,Inactive,2025-01-28,10:29,Morning,2025-01-28 10:29:00,10:52,33.0,25.0,72.0,SW,12.0,0.0,28.91,0.0,Fair
CRM-2025-110,"Harassment, Stalking",Between 01/27/2025 20:00 and 02/03/2025 20:00,2025-02-05 20:22:00,English-Philosophy Building,Active - UI Police,2025-02-05,20:22,Evening,2025-02-05 20:22:00,20:34,28.0,27.0,96.0,ESE,10.0,0.0,28.94,0.0,Mist
CRM-2025-80,Invasion of Privacy,Between 01/27/2025 15:03 and 01/27/2015 15:31,2025-01-27 15:31:00,University Capitol Centre,Inactive,2025-01-27,15:31,Afternoon,2025-01-27 15:31:00,15:52,46.0,18.0,33.0,WSW,21.0,31.0,28.85,0.0,Fair / Windy
CRM-2025-75,Aggravated Assault,01/27/2025 14:32,2025-01-27 14:32:00,General Hospital,Active - UI Police,2025-01-27,14:32,Afternoon,2025-01-27 14:32:00,14:52,45.0,18.0,34.0,WSW,21.0,31.0,28.87,0.0,Fair / Windy
CRM-2025-106,Theft,Between 01/27/2025 14:00 and 01/28/2025 15:15,2025-02-05 09:46:00,Iowa Memorial Union,Inactive,2025-02-05,09:46,Morning,2025-02-05 09:46:00,09:52,22.0,16.0,78.0,ESE,15.0,0.0,29.31,0.0,Cloudy
CRM-2025-73,"Criminal Mischief, Simple Assault",01/27/2025 11:47,2025-01-27 11:47:00,General Hospital,Closed - Suspect Arrested,2025-01-27,11:47,Morning,2025-01-27 11:47:00,11:52,35.0,21.0,57.0,WSW,20.0,30.0,29.02,0.0,Fair
CRM-2025-72,Criminal Mischief,01/27/2025 08:36,2025-01-27 08:36:00,Newton Road Ramp,Inactive,2025-01-27,08:36,Morning,2025-01-27 08:36:00,08:52,16.0,9.0,74.0,SW,10.0,0.0,29.1,0.0,Fair
CSA-2025-127,Stalking,Between 01/27/2025 08:00 and 01/29/2025 11:30,2025-01-29 12:13:00,Campus,Closed - Referred to Office of Student Accountability,2025-01-29,12:13,Afternoon,2025-01-29 12:13:00,11:52,41.0,27.0,57.0,WSW,10.0,0.0,29.08,0.0,Fair
CRM-2025-67,"Interference with Official Acts, Public Intoxication",01/27/2025 01:08,2025-01-27 01:08:00,Main Library,Closed - Suspect Arrested,2025-01-27,01:08,Night,2025-01-27 01:08:00,00:52,32.0,20.0,61.0,NW,13.0,0.0,28.95,0.0,Fair
CSA-2025-134,Fondling,Between 01/27/2025 00:00 and 01/27/2025 23:59,2025-01-29 08:58:00,General Hospital,Closed - Referred to Title IX Coordinator,2025-01-29,08:58,Morning,2025-01-29 08:58:00,08:52,28.0,23.0,81.0,WNW,10.0,0.0,29.02,0.0,Fair
CRM-2025-71,Robbery,01/26/2025 22:27,2025-01-26 22:27:00,"204 N Dubuque St, Casey's",Referred to University - Other,2025-01-26,22:27,Evening,2025-01-26 22:27:00,22:52,15.0,5.0,64.0,WSW,9.0,0.0,29.32,0.0,Fair
CRM-2025-66,Theft,01/26/2025 20:50,2025-01-26 20:50:00,Carver-Hawkeye Arena,Unfounded,2025-01-26,20:50,Evening,2025-01-26 20:50:00,20:52,14.0,5.0,67.0,SSW,3.0,0.0,29.34,0.0,Fair
CRM-2025-65,Aggravated Assault,01/26/2025 16:15,2025-01-26 16:26:00,General Hospital,Inactive,2025-01-26,16:26,Afternoon,2025-01-26 16:26:00,16:52,27.0,11.0,51.0,W,9.0,0.0,29.37,0.0,Fair
CRM-2025-76,Theft,Between 01/26/2025 15:00 and 01/27/2025 15:00,2025-01-27 16:22:00,General Hospital,Inactive,2025-01-27,16:22,Afternoon,2025-01-27 16:22:00,15:52,46.0,18.0,33.0,WSW,21.0,31.0,28.85,0.0,Fair / Windy
CRM-2025-69,"Criminal Mischief, Hate Crime",Between 01/26/2025 00:00 and 01/26/2025 06:00,2025-01-26 11:10:00,East Side Residential Hall,Inactive,2025-01-26,11:10,Morning,2025-01-26 11:10:00,10:52,16.0,9.0,74.0,WNW,6.0,0.0,29.47,0.0,Fair
CRM-2025-64,Criminal Mischief,01/25/2025 23:54,2025-01-25 23:54:00,General Hospital,Inactive,2025-01-25,23:54,Evening,2025-01-25 23:54:00,23:52,19.0,11.0,71.0,NW,15.0,0.0,29.4,0.0,Fair
CRM-2025-63,Liquor Law Violations,01/25/2025 23:40,2025-01-25 23:40:00,Burge Hall,Closed - Referred to Office of Student Accountability,2025-01-25,23:40,Evening,2025-01-25 23:40:00,23:52,19.0,11.0,71.0,NW,15.0,0.0,29.4,0.0,Fair
CSA-2025-124,Liquor Law Violations x6,01/25/2025 21:15,2025-01-25 22:25:00,Catlett Residence Hall,Closed - Referred to Office of Student Accountability,2025-01-25,22:25,Evening,2025-01-25 22:25:00,22:52,21.0,13.0,71.0,WNW,15.0,23.0,29.38,0.0,Fair
CRM-2025-62,Simple Assault,01/25/2025 16:30,2025-01-25 16:36:00,General Hospital,Inactive,2025-01-25,16:36,Afternoon,2025-01-25 16:36:00,16:52,34.0,23.0,64.0,WNW,21.0,0.0,29.21,0.0,Fair / Windy
CRM-2025-61,Criminal Mischief,Between 01/25/2025 14:50 and 01/25/2025 15:03,2025-01-25 15:03:00,General Hospital,Inactive,2025-01-25,15:03,Afternoon,2025-01-25 15:03:00,14:52,37.0,25.0,62.0,W,24.0,31.0,29.17,0.0,Fair / Windy
CRM-2025-60,Simple Assault,01/25/2025 11:51,2025-01-25 11:51:00,General Hospital,Inactive,2025-01-25,11:51,Morning,2025-01-25 11:51:00,11:52,32.0,24.0,73.0,W,15.0,0.0,29.2,0.0,Fair
CRM-2025-59,Simple Assault,01/24/2025 21:38,2025-01-24 21:38:00,General Hospital,Inactive,2025-01-24,21:38,Evening,2025-01-24 21:38:00,21:52,27.0,19.0,72.0,SSW,15.0,0.0,29.08,0.0,Cloudy
CRM-2025-70,Simple Assault,01/24/2025 16:01,2025-01-24 16:01:00,General Hospital,Inactive,2025-01-24,16:01,Afternoon,2025-01-24 16:01:00,15:52,23.0,14.0,68.0,SSE,16.0,25.0,29.07,0.0,Cloudy
CRM-2025-68,Harassment x2,Between 01/24/2025 15:30 and 01/24/2025 16:30,2025-01-24 17:05:00,Mayflower Hall,Inactive,2025-01-24,17:05,Afternoon,2025-01-24 17:05:00,16:52,24.0,14.0,65.0,SSE,16.0,25.0,29.05,0.0,Cloudy
CRM-2025-58,Simple Assault,01/24/2025 13:35,2025-01-24 14:32:00,General Hospital,Inactive,2025-01-24,14:32,Afternoon,2025-01-24 14:32:00,14:52,23.0,13.0,65.0,S,16.0,24.0,29.11,0.0,Mostly Cloudy
CRM-2025-81,Harassment,01/24/2025 13:21,2025-01-24 13:21:00,General Hospital,Inactive,2025-01-24,13:21,Afternoon,2025-01-24 13:21:00,12:52,18.0,9.0,68.0,SSE,13.0,0.0,29.18,0.0,Fair
CRM-2025-53,"Disorderly - Public Urination, Falsify Driver's License, Public Intoxication",01/24/2025 03:35,2025-01-24 03:35:00,Mayflower Hall,Closed - Suspect Arrested,2025-01-24,03:35,Night,2025-01-24 03:35:00,03:52,6.0,9.0,87.0,SSW,3.0,0.0,29.34,0.0,Fair
CRM-2025-54,"Driving Under the Influence, Habitual Offender",01/24/2025 02:34,2025-01-24 02:34:00,200 BLK N MADISON ST,Closed - Suspect Arrested,2025-01-24,02:34,Night,2025-01-24 02:34:00,02:52,4.0,6.0,91.0,SSW,3.0,0.0,29.34,0.0,Fair
CRM-2025-55,"Falsify Driver's License, Liquor Law Violations",01/23/2025 23:21,2025-01-23 23:21:00,10 BLK S MADISON ST,Closed - Referred to Office of Student Accountability,2025-01-23,23:21,Evening,2025-01-23 23:21:00,22:52,4.0,7.0,87.0,WSW,3.0,0.0,29.4,0.0,Fair
CRM-2025-104,Trespass x2,01/23/2025 00:46,2025-01-23 00:46:00,Kinnick Stadium,Inactive,2025-01-23,00:46,Night,2025-01-23 00:46:00,00:52,0.0,5.0,79.0,W,3.0,0.0,29.37,0.0,Fair
CRM-2025-52,Intimidation,01/22/2025 15:07,2025-01-22 15:07:00,Health Care Support Services Building,Inactive,2025-01-22,15:07,Afternoon,2025-01-22 15:07:00,15:06,23.0,20.0,88.0,SW,13.0,0.0,29.06,0.0,Light Snow
CRM-2025-51,Simple Assault x3,01/22/2025 12:56,2025-01-22 12:56:00,General Hospital,Inactive,2025-01-22,12:56,Afternoon,2025-01-22 12:56:00,12:59,23.0,15.0,72.0,SW,16.0,0.0,29.08,0.0,Light Snow
CRM-2025-74,Theft,01/21/2025 23:00,2025-01-27 12:54:00,General Hospital,Inactive,2025-01-27,12:54,Afternoon,2025-01-27 12:54:00,12:52,38.0,20.0,48.0,WSW,18.0,29.0,28.98,0.0,Fair
CRM-2025-48,Theft,Between 01/21/2025 19:00 and 01/21/2025 21:30,2025-01-22 07:50:00,Lot 46,Active - UI Police,2025-01-22,07:50,Morning,2025-01-22 07:50:00,07:52,15.0,13.0,91.0,SSW,12.0,0.0,29.11,0.0,Light Snow
CRM-2025-45,"Criminal Mischief, Theft",Between 01/21/2025 18:15 and 01/21/2025 22:17,2025-01-21 22:22:00,Lot 75 - Arena Commuter Lot Shelter,Inactive,2025-01-21,22:22,Evening,2025-01-21 22:22:00,22:52,2.0,10.0,58.0,S,17.0,26.0,29.31,0.0,Fair
CRM-2025-50,Theft,Between 01/21/2025 18:00 and 01/21/2025 19:40,2025-01-22 12:48:00,Campus Recreation and Wellness Center,Inactive,2025-01-22,12:48,Afternoon,2025-01-22 12:48:00,12:52,23.0,16.0,74.0,SSW,15.0,0.0,29.09,0.0,Light Snow
CRM-2025-46,Simple Assault,01/21/2025 11:00,2025-01-21 11:28:00,General Hospital,Inactive,2025-01-21,11:28,Morning,2025-01-21 11:28:00,11:52,3.0,15.0,56.0,WSW,12.0,22.0,29.63,0.0,Fair
CRM-2025-43,Driving Under the Influence,01/21/2025 01:50,2025-01-21 01:50:00,800 BLK N DUBUQUE ST,Closed - Suspect Arrested,2025-01-21,01:50,Night,2025-01-21 01:50:00,01:52,11.0,19.0,68.0,WNW,16.0,23.0,29.66,0.0,Fair
CRM-2025-57,Theft,Between 01/20/2025 18:00 and 01/20/2025 19:15,2025-01-24 13:37:00,304 Grand Avenue,Active - UI Police,2025-01-24,13:37,Afternoon,2025-01-24 13:37:00,13:52,21.0,11.0,65.0,S,14.0,23.0,29.14,0.0,Cloudy
CRM-2025-41,Simple Assault,01/20/2025 09:45,2025-01-20 10:00:00,General Hospital,Inactive,2025-01-20,10:00,Morning,2025-01-20 10:00:00,09:52,0.0,6.0,76.0,W,12.0,0.0,29.55,0.0,Fair
CSA-2025-102,Burglary,01/20/2025 05:45,2025-01-20 19:25:00,Catlett Residence Hall,Closed - Referred to Office of Student Accountability,2025-01-20,19:25,Evening,2025-01-20 19:25:00,19:24,1.0,6.0,79.0,NW,14.0,0.0,29.6,0.0,Mostly Cloudy
CRM-2025-40,Liquor Law Violations,01/20/2025 02:39,2025-01-20 02:39:00,Stanley Hall,Closed - Referred to Office of Student Accountability,2025-01-20,02:39,Night,2025-01-20 02:39:00,02:52,4.0,10.0,76.0,W,10.0,0.0,29.47,0.0,Fair
CRM-2025-44,Driving While License Revoked,01/19/2025 01:55,2025-01-19 01:55:00,100 BLK W GRAND AVE,Closed - Suspect Arrested,2025-01-19,01:55,Night,2025-01-19 01:55:00,01:52,3.0,7.0,63.0,NNW,20.0,0.0,29.37,0.0,Mostly Cloudy
CRM-2025-39,Drug/Narcotic Violation,01/19/2025 00:59,2025-01-19 00:59:00,Burge Hall,Closed - Referred to Office of Student Accountability,2025-01-19,00:59,Night,2025-01-19 00:59:00,00:52,7.0,12.0,79.0,SW,7.0,0.0,29.47,0.0,Fair
CRM-2025-42,Driving Under the Influence,01/18/2025 21:32,2025-01-18 21:32:00,10 BLK N MADISON ST,Closed - Suspect Arrested,2025-01-18,21:32,Evening,2025-01-18 21:32:00,21:52,11.0,5.0,49.0,NNW,15.0,0.0,29.33,0.0,Fair
CRM-2025-38,Public Intoxication,01/18/2025 21:16,2025-01-18 21:16:00,100 BLK E BURLINGTON ST,Inactive,2025-01-18,21:16,Evening,2025-01-18 21:16:00,20:52,13.0,6.0,43.0,NNW,21.0,30.0,29.31,0.0,Fair / Windy
CRM-2025-37,Simple Assault x2,01/17/2025 16:25,2025-01-17 16:25:00,General Hospital,Inactive,2025-01-17,16:25,Afternoon,2025-01-17 16:25:00,16:52,47.0,31.0,54.0,NW,14.0,0.0,28.6,0.0,Fair
CRM-2025-31,Simple Assault x2,Between 01/15/2025 19:25 and 01/15/2025 19:30,2025-01-15 19:35:00,General Hospital,Inactive,2025-01-15,19:35,Evening,2025-01-15 19:35:00,19:52,25.0,14.0,63.0,SSW,15.0,0.0,29.15,0.0,Fair
CRM-2025-30,Simple Assault,Between 01/15/2025 11:40 and 01/15/2025 11:50,2025-01-15 11:50:00,General Hospital,Inactive,2025-01-15,11:50,Morning,2025-01-15 11:50:00,11:52,14.0,5.0,67.0,SW,12.0,0.0,29.45,0.0,Partly Cloudy
CRM-2025-32,Theft,Between 01/14/2025 18:00 and 01/16/2025 14:27,2025-01-16 14:27:00,"301 N Clinton Street, bike rack",Inactive,2025-01-16,14:27,Afternoon,2025-01-16 14:27:00,14:40,41.0,27.0,57.0,WNW,20.0,30.0,29.07,0.0,Partly Cloudy
CRM-2025-27,Fondling,01/13/2025 15:10,2025-01-13 15:10:00,General Hospital,Inactive,2025-01-13,15:10,Afternoon,2025-01-13 15:10:00,14:52,17.0,6.0,62.0,W,15.0,0.0,29.25,0.0,Fair
CRM-2025-264,"Aggravated Assault, Domestic Violence",01/13/2025 15:01,2025-03-21 15:01:00,General Hospital,Active - UI Police,2025-03-21,15:01,Afternoon,2025-03-21 15:01:00,14:52,61.0,29.0,30.0,WSW,20.0,31.0,28.67,0.0,Fair
CRM-2025-29,Theft,Between 01/13/2025 01:30 and 01/14/2025 10:53,2025-01-14 10:53:00,General Hospital,Inactive,2025-01-14,10:53,Morning,2025-01-14 10:53:00,10:52,2.0,4.0,76.0,NW,12.0,0.0,29.46,0.0,Fair
CSA-2025-100,Aggravated Assault,01/12/2025 17:28,2025-01-12 17:29:00,General Hospital,Referred to University - Other,2025-01-12,17:29,Afternoon,2025-01-12 17:29:00,17:52,22.0,13.0,68.0,NW,21.0,35.0,29.01,0.0,Cloudy / Windy
CRM-2025-25,Simple Assault,01/11/2025 21:00,2025-01-11 21:08:00,General Hospital,Inactive,2025-01-11,21:08,Evening,2025-01-11 21:08:00,20:52,31.0,24.0,76.0,S,14.0,21.0,28.8,0.0,Cloudy
CRM-2025-26,"Criminal Mischief, Theft",Between 01/11/2025 11:56 and 01/11/2025 12:55,2025-01-13 00:07:00,Hillcrest Hall,Inactive,2025-01-13,00:07,Night,2025-01-13 00:07:00,23:52,14.0,9.0,80.0,S,6.0,0.0,29.22,0.0,Cloudy
CRM-2025-24,Theft,Between 01/10/2025 13:00 and 01/10/2025 15:00,2025-01-10 15:26:00,General Hospital,Inactive,2025-01-10,15:26,Afternoon,2025-01-10 15:26:00,15:04,31.0,27.0,85.0,WNW,10.0,0.0,28.89,0.0,Cloudy
CRM-2025-49,Theft,Between 01/09/2025 22:00 and 01/09/2025 22:00,2025-01-22 10:17:00,Hospital Parking Ramp 3,Unfounded,2025-01-22,10:17,Morning,2025-01-22 10:17:00,10:13,18.0,16.0,92.0,SSW,16.0,0.0,29.1,0.0,Light Snow
CRM-2025-23,Simple Assault,01/09/2025 12:23,2025-01-09 12:23:00,General Hospital,Inactive,2025-01-09,12:23,Afternoon,2025-01-09 12:23:00,12:52,23.0,17.0,78.0,S,12.0,0.0,29.17,0.0,Fair
CRM-2025-21,Simple Assault x2,01/09/2025 00:15,2025-01-09 00:15:00,General Hospital,Inactive,2025-01-09,00:15,Night,2025-01-09 00:15:00,23:52,28.0,24.0,85.0,WSW,8.0,0.0,29.08,0.0,Cloudy
CRM-2025-22,Theft,Between 01/07/2025 18:45 and 01/07/2025 22:00,2025-01-09 11:03:00,Carver-Hawkeye Arena,Inactive,2025-01-09,11:03,Morning,2025-01-09 11:03:00,10:52,17.0,13.0,84.0,SSE,9.0,0.0,29.19,0.0,Fair
CRM-2025-20,Harassment,01/07/2025 17:53,2025-01-07 17:53:00,General Hospital,Inactive,2025-01-07,17:53,Afternoon,2025-01-07 17:53:00,17:52,21.0,16.0,81.0,W,6.0,0.0,29.5,0.0,Fair
CRM-2025-18,Criminal Mischief,Between 01/07/2025 17:20 and 01/07/2025 17:23,2025-01-07 17:23:00,General Hospital,Inactive,2025-01-07,17:23,Afternoon,2025-01-07 17:23:00,17:52,21.0,16.0,81.0,W,6.0,0.0,29.5,0.0,Fair
CRM-2025-17,"Harassment, Stalking",01/07/2025 13:17,2025-01-07 13:17:00,Carver-Hawkeye Arena,Inactive,2025-01-07,13:17,Afternoon,2025-01-07 13:17:00,12:52,19.0,13.0,77.0,W,5.0,0.0,29.52,0.0,Fair
CRM-2025-16,Aggravated Assault,Between 01/07/2025 11:57 and 01/07/2025 12:00,2025-01-07 12:07:00,General Hospital,Inactive,2025-01-07,12:07,Afternoon,2025-01-07 12:07:00,11:52,16.0,11.0,81.0,CALM,0.0,0.0,29.55,0.0,Fair
CRM-2025-14,Fondling,01/05/2025 16:39,2025-01-05 16:39:00,Carver-Hawkeye Arena,Inactive,2025-01-05,16:39,Afternoon,2025-01-05 16:39:00,16:52,19.0,3.0,50.0,N,14.0,0.0,29.18,0.0,Fair
CRM-2025-15,Simple Assault,Between 01/05/2025 10:45 and 01/05/2025 11:00,2025-01-06 08:31:00,General Hospital,Inactive,2025-01-06,08:31,Morning,2025-01-06 08:31:00,08:41,11.0,5.0,77.0,NNW,12.0,0.0,29.32,0.0,Mostly Cloudy
CRM-2025-12,Simple Assault,01/04/2025 09:00,2025-01-04 09:50:00,General Hospital,Inactive,2025-01-04,09:50,Morning,2025-01-04 09:50:00,09:52,5.0,1.0,84.0,NNW,6.0,0.0,29.48,0.0,Fair
CRM-2025-13,Criminal Mischief,01/03/2025 08:06,2025-01-03 08:06:00,"East Parking Lot, Oakdale",Inactive,2025-01-03,08:06,Morning,2025-01-03 08:06:00,07:52,4.0,2.0,91.0,WNW,9.0,0.0,29.42,0.0,Fair
CSA-2025-130,Disorderly Conduct,Between 01/03/2025 00:00 and 01/03/2025 23:05,2025-01-14 08:00:00,Bettendorf - Lincoln Road,Referred to University - Other,2025-01-14,08:00,Morning,2025-01-14 08:00:00,07:52,0.0,4.0,83.0,NW,10.0,0.0,29.37,0.0,Fair
CRM-2025-8,Trespass,01/02/2025 15:16,2025-01-02 15:16:00,Biology Building,Closed - Suspect Issued Criminal Trespass Warning,2025-01-02,15:16,Afternoon,2025-01-02 15:16:00,14:52,25.0,23.0,92.0,N,6.0,0.0,29.29,0.0,Light Snow
CRM-2025-9,Liquor Law Violations,01/02/2025 13:51,2025-01-02 13:51:00,100 BLK S RIVERSIDE DR,Inactive,2025-01-02,13:51,Afternoon,2025-01-02 13:51:00,13:52,25.0,23.0,92.0,N,8.0,0.0,29.29,0.0,Fog
CRM-2025-11,False Reports,01/02/2025 12:08,2025-01-02 12:08:00,Lindquist Center,Inactive,2025-01-02,12:08,Afternoon,2025-01-02 12:08:00,12:04,24.0,22.0,91.0,ESE,5.0,0.0,29.33,0.0,Fog
CSA-2025-129,Theft,01/02/2025 11:43,2025-01-13 08:31:00,General Hospital,Referred to University - Other,2025-01-13,08:31,Morning,2025-01-13 08:31:00,08:52,3.0,1.0,84.0,W,10.0,0.0,29.28,0.0,Fair
CRM-2025-10,"Domestic Violence, Simple Assault",01/02/2025 04:00,2025-01-02 07:38:00,General Hospital,Inactive,2025-01-02,07:38,Morning,2025-01-02 07:38:00,07:52,20.0,17.0,89.0,CALM,0.0,0.0,29.32,0.0,Fair
CSA-2025-121,"Harassment, Simple Assault",01/01/2025 22:30,2025-01-03 16:19:00,UI Health Care Medical Center Downtown,Inactive,2025-01-03,16:19,Afternoon,2025-01-03 16:19:00,15:52,19.0,11.0,71.0,WNW,17.0,0.0,29.44,0.0,Fair
CRM-2025-6,Criminal Mischief,01/01/2025 20:32,2025-01-01 20:32:00,North Campus Parking Ramp,Inactive,2025-01-01,20:32,Evening,2025-01-01 20:32:00,20:52,23.0,20.0,88.0,SW,3.0,0.0,29.28,0.0,Mostly Cloudy
CRM-2025-3,Driving Under the Influence,01/01/2025 19:12,2025-01-01 19:12:00,100 BLK W BURLINGTON ST,Closed - Suspect Arrested,2025-01-01,19:12,Evening,2025-01-01 19:12:00,18:52,25.0,19.0,78.0,NW,8.0,0.0,29.27,0.0,Cloudy
CRM-2025-7,Indecent Exposure,01/01/2025 19:00,2025-01-02 06:14:00,General Hospital,Inactive,2025-01-02,06:14,Morning,2025-01-02 06:14:00,05:52,20.0,17.0,89.0,CALM,0.0,0.0,29.31,0.0,Fair
CRM-2025-4,"Driving Under the Influence, Habitual Offender",01/01/2025 02:13,2025-01-01 02:13:00,200 BLK E BURLINGTON ST,Closed - Suspect Arrested,2025-01-01,02:13,Night,2025-01-01 02:13:00,01:52,24.0,20.0,84.0,WNW,10.0,0.0,29.16,0.0,Fair
CSA-2025-153,Stalking,Between 01/01/2025 00:00 and 02/12/2025 23:59,2025-02-13 08:00:00,,Referred to University - Other,2025-02-13,08:00,Morning,2025-02-13 08:00:00,07:52,9.0,12.0,87.0,WNW,10.0,0.0,29.32,0.0,Fair
CRM-2025-415,Liquor Law Violations,05/07/2025 01:44,2025-05-07 01:44:00,Slater Hall,Closed - Referred to Office of Student Accountability,2025-05-07,01:44,Night,2025-05-07 01:44:00,01:52,57.0,45.0,64.0,W,6.0,0.0,29.1,0.0,Fair
CRM-2025-413,Simple Assault,05/06/2025 12:51,2025-05-06 12:51:00,UI Health Care Medical Center Downtown,Inactive,2025-05-06,12:51,Afternoon,2025-05-06 12:51:00,12:52,72.0,48.0,43.0,,0.0,0.0,29.12,0.0,Fair
CRM-2025-410,Simple Assault x3,05/05/2025 18:41,2025-05-05 18:41:00,UI Health Care Medical Center North Liberty,Inactive,2025-05-05,18:41,Evening,2025-05-05 18:41:00,18:52,68.0,44.0,42.0,E,10.0,0.0,29.03,0.0,Partly Cloudy
CRM-2025-412,Criminal Mischief,Between 05/05/2025 00:00 and 05/06/2025 07:12,2025-05-06 07:12:00,"President's Residence, retaining wall",Inactive,2025-05-06,07:12,Morning,2025-05-06 07:12:00,06:52,46.0,44.0,93.0,CALM,0.0,0.0,29.14,0.0,Fair
CRM-2025-406,"Disorderly - Public Urination, Liquor Law Violations",05/04/2025 01:07,2025-05-04 01:07:00,Pentacrest,Closed - Referred to Office of Student Accountability,2025-05-04,01:07,Night,2025-05-04 01:07:00,00:52,46.0,40.0,79.0,NW,5.0,0.0,29.09,0.0,Fair
CRM-2025-405,"Falsify Driver's License, Public Intoxication",05/03/2025 23:27,2025-05-03 23:27:00,100 BLK S MADISON ST,Closed - Suspect Arrested,2025-05-03,23:27,Evening,2025-05-03 23:27:00,23:52,50.0,41.0,71.0,CALM,0.0,0.0,29.1,0.0,Fair
CRM-2025-404,"Criminal Mischief, Simple Assault",05/03/2025 19:26,2025-05-03 19:51:00,General Hospital,Inactive,2025-05-03,19:51,Evening,2025-05-03 19:51:00,19:52,56.0,42.0,60.0,N,8.0,0.0,29.08,0.0,Fair
CRM-2025-408,Simple Assault x2,05/03/2025 11:07,2025-05-03 11:07:00,ED Parking Lot,Inactive,2025-05-03,11:07,Morning,2025-05-03 11:07:00,11:14,53.0,47.0,80.0,N,12.0,0.0,29.1,0.0,Cloudy
CRM-2025-403,Public Intoxication,05/03/2025 04:08,2025-05-03 04:08:00,Petersen Residence Hall,Inactive,2025-05-03,04:08,Night,2025-05-03 04:08:00,03:52,48.0,43.0,83.0,N,10.0,0.0,29.03,0.0,Cloudy
CRM-2025-401,Trespass,05/02/2025 17:11,2025-05-02 17:11:00,General Hospital,Closed - Suspect Issued Criminal Trespass Warning,2025-05-02,17:11,Afternoon,2025-05-02 17:11:00,16:52,54.0,49.0,83.0,W,6.0,0.0,28.98,0.0,Cloudy
CRM-2025-400,Theft,05/02/2025 12:31,2025-05-02 12:31:00,Lindquist Center,Active - UI Police,2025-05-02,12:31,Afternoon,2025-05-02 12:31:00,12:52,53.0,47.0,80.0,NW,13.0,0.0,29.0,0.0,Light Rain
CRM-2025-399,"Disorderly Conduct, x6, Falsify Driver's License x5",05/02/2025 02:13,2025-05-02 02:13:00,"North Hall, exterior",Closed - Referred to Office of Student Accountability,2025-05-02,02:13,Night,2025-05-02 02:13:00,01:52,51.0,48.0,89.0,WNW,13.0,0.0,28.87,0.0,Fair
CRM-2025-397,"Disorderly - Public Urination, Liquor Law Violations x2",05/02/2025 01:52,2025-05-02 01:52:00,"Schaeffer Hall, exterior",Closed - Referred to Office of Student Accountability,2025-05-02,01:52,Night,2025-05-02 01:52:00,01:52,51.0,48.0,89.0,WNW,13.0,0.0,28.87,0.0,Fair
CRM-2025-396,"Disorderly - Public Urination, Public Intoxication x2",05/02/2025 00:49,2025-05-02 00:49:00,Anne Cleary Walkway,Closed - Referred to Office of Student Accountability,2025-05-02,00:49,Night,2025-05-02 00:49:00,00:52,52.0,49.0,89.0,W,9.0,0.0,28.87,0.0,Fair
CSA-2025-239,Theft,05/01/2025 23:00,2025-05-02 11:50:00,Catlett Residence Hall,Closed - Referred to Office of Student Accountability,2025-05-02,11:50,Morning,2025-05-02 11:50:00,11:52,55.0,46.0,72.0,WNW,14.0,0.0,28.98,0.0,Cloudy
CRM-2025-395,Simple Assault,05/01/2025 22:00,2025-05-01 22:17:00,General Hospital,Inactive,2025-05-01,22:17,Evening,2025-05-01 22:17:00,22:09,58.0,56.0,93.0,WNW,16.0,0.0,28.84,0.0,Cloudy
CRM-2025-394,Criminal Mischief,05/01/2025 15:12,2025-05-01 15:12:00,Hillcrest Hall,Inactive,2025-05-01,15:12,Afternoon,2025-05-01 15:12:00,14:52,61.0,55.0,81.0,W,13.0,0.0,28.79,0.0,Cloudy
CRM-2025-393,Forgery,05/01/2025 12:14,2025-05-01 12:14:00,Stanley Museum of Art,Active - UI Police,2025-05-01,12:14,Afternoon,2025-05-01 12:14:00,11:52,57.0,54.0,89.0,WNW,13.0,0.0,28.79,0.0,Cloudy
CSA-2025-256,Harassment,Between 05/01/2025 00:00 and 05/07/2025 08:00,2025-05-07 08:00:00,General Hospital,Referred to University - Other,2025-05-07,08:00,Morning,2025-05-07 08:00:00,07:52,60.0,49.0,67.0,N,5.0,0.0,29.12,0.0,Fair
CRM-2025-392,Theft,04/30/2025 12:56,2025-04-30 12:56:00,Mayflower Hall,Active - UI Police,2025-04-30,12:56,Afternoon,2025-04-30 12:56:00,12:52,63.0,44.0,50.0,SE,12.0,0.0,29.08,0.0,Partly Cloudy
CRM-2025-391,Liquor Law Violations,04/30/2025 02:20,2025-04-30 02:20:00,Burge Hall,Closed - Referred to Office of Student Accountability,2025-04-30,02:20,Night,2025-04-30 02:20:00,01:52,48.0,35.0,61.0,NNE,5.0,0.0,29.16,0.0,Fair
CRM-2025-390,"Disorderly - Public Urination, Public Intoxication",04/30/2025 01:09,2025-04-30 01:09:00,Lot 3 - Library Lot,Closed - Suspect Arrested,2025-04-30,01:09,Night,2025-04-30 01:09:00,00:52,47.0,36.0,66.0,N,5.0,0.0,29.17,0.0,Fair
CRM-2025-387,"Drug/Narcotic Violation, Interference with Official Acts, Trespass",04/28/2025 22:46,2025-04-28 22:46:00,"Eckstein Medical Research Building, exterior",Closed - Suspect Arrested,2025-04-28,22:46,Evening,2025-04-28 22:46:00,22:52,74.0,64.0,71.0,SSW,22.0,36.0,28.78,0.0,Fair / Windy
CRM-2025-388,"Aggravated Assault, Dating Violence",Between 04/28/2025 21:30 and 04/29/2025 00:51,2025-04-29 00:51:00,1110 N Dubuque Street,Inactive,2025-04-29,00:51,Night,2025-04-29 00:51:00,00:52,71.0,63.0,75.0,SW,8.0,0.0,28.78,0.0,Fair
CRM-2025-384,Indecent Exposure,04/27/2025 19:25,2025-04-27 19:35:00,Field House,Inactive,2025-04-27,19:35,Evening,2025-04-27 19:35:00,19:52,64.0,49.0,58.0,S,10.0,0.0,29.11,0.0,Cloudy
CRM-2025-389,Trespass,04/27/2025 04:25,2025-04-27 04:25:00,Skunk Hollow,Closed - Suspect Arrested,2025-04-27,04:25,Night,2025-04-27 04:25:00,04:52,47.0,39.0,74.0,SE,9.0,0.0,29.31,0.0,Fair
CRM-2025-383,"Aggravated Assault, Falsify Driver's License, Interference with Official Acts, Public Intoxication",04/27/2025 01:15,2025-04-27 01:15:00,100 BLK S CLINTON ST,Closed - Suspect Arrested,2025-04-27,01:15,Night,2025-04-27 01:15:00,00:52,46.0,39.0,76.0,E,9.0,0.0,29.31,0.0,Partly Cloudy
CRM-2025-382,Disorderly - Public Urination,04/27/2025 00:30,2025-04-27 00:30:00,Anne Cleary Walkway,Inactive,2025-04-27,00:30,Night,2025-04-27 00:30:00,00:52,46.0,39.0,76.0,E,9.0,0.0,29.31,0.0,Partly Cloudy
CRM-2025-381,Theft,04/26/2025 19:30,2025-04-26 22:26:00,"144 Hawkeye Court, bike rack",Inactive,2025-04-26,22:26,Evening,2025-04-26 22:26:00,22:52,48.0,39.0,71.0,ESE,8.0,0.0,29.31,0.0,Fair
CRM-2025-386,Public Intoxication,04/26/2025 02:21,2025-04-26 02:21:00,10 BLK N MADISON ST,Inactive,2025-04-26,02:21,Night,2025-04-26 02:21:00,01:52,46.0,44.0,93.0,NW,5.0,0.0,29.31,0.0,Fair
CRM-2025-385,Public Intoxication,Between 04/26/2025 01:07 and 04/26/2025 01:20,2025-04-26 01:07:00,100 BLK S CLINTON ST,Inactive,2025-04-26,01:07,Night,2025-04-26 01:07:00,00:52,49.0,45.0,86.0,N,8.0,0.0,29.3,0.0,Partly Cloudy
CRM-2025-380,Disorderly Conduct,04/25/2025 21:06,2025-04-25 21:06:00,UI Health Care Medical Center Downtown,Closed - Suspect Issued Criminal Trespass Warning,2025-04-25,21:06,Evening,2025-04-25 21:06:00,20:52,52.0,47.0,83.0,N,17.0,0.0,29.23,0.0,Cloudy
CRM-2025-411,False Reports,04/25/2025 04:37,2025-04-25 04:37:00,General Hospital,Inactive,2025-04-25,04:37,Night,2025-04-25 04:37:00,04:52,56.0,50.0,80.0,E,8.0,0.0,29.06,0.0,Light Rain
CRM-2025-378,Rape,04/25/2025 04:35,2025-04-25 04:35:00,East Side Residential Hall,Inactive,2025-04-25,04:35,Night,2025-04-25 04:35:00,04:52,56.0,50.0,80.0,E,8.0,0.0,29.06,0.0,Light Rain
CRM-2025-375,False Reports,04/24/2025 17:47,2025-04-24 17:47:00,Jessup Hall,Inactive,2025-04-24,17:47,Afternoon,2025-04-24 17:47:00,17:52,70.0,59.0,68.0,N,13.0,0.0,29.09,0.0,Cloudy
CRM-2025-377,Criminal Mischief,04/24/2025 08:33,2025-04-24 08:33:00,Dental Science Building,Inactive,2025-04-24,08:33,Morning,2025-04-24 08:33:00,08:52,63.0,57.0,81.0,E,15.0,0.0,29.16,0.0,Mostly Cloudy
CRM-2025-376,Drug Equipment Violation,04/24/2025 00:35,2025-04-24 00:35:00,100 BLK W BURLINGTON ST,Closed - Suspect Arrested,2025-04-24,00:35,Night,2025-04-24 00:35:00,00:52,65.0,56.0,73.0,CALM,0.0,0.0,29.14,0.0,Mostly Cloudy
CSA-2025-219,Liquor Law Violations x3,04/23/2025 12:55,2025-04-23 13:45:00,Burge Hall,Closed - Referred to Office of Student Accountability,2025-04-23,13:45,Afternoon,2025-04-23 13:45:00,13:52,72.0,57.0,59.0,SSE,14.0,0.0,29.14,0.0,Partly Cloudy
CRM-2025-374,Liquor Law Violations,04/23/2025 01:37,2025-04-23 01:37:00,600 BLK N DUBUQUE ST,Inactive,2025-04-23,01:37,Night,2025-04-23 01:37:00,01:52,58.0,51.0,78.0,SE,14.0,0.0,29.12,0.3,Heavy T-Storm
CRM-2025-373,Public Intoxication,04/22/2025 21:10,2025-04-22 21:10:00,200 BLK S LINN ST,Inactive,2025-04-22,21:10,Evening,2025-04-22 21:10:00,20:52,63.0,57.0,81.0,WSW,3.0,0.0,29.09,0.0,Cloudy
CRM-2025-372,Criminal Mischief,04/22/2025 14:15,2025-04-22 14:15:00,Medical Education Research Facility,Inactive,2025-04-22,14:15,Afternoon,2025-04-22 14:15:00,13:52,72.0,58.0,61.0,W,10.0,17.0,29.04,0.0,Mostly Cloudy
CRM-2025-371,Criminal Mischief,04/22/2025 09:40,2025-04-22 09:40:00,Blank Honors Center,Inactive,2025-04-22,09:40,Morning,2025-04-22 09:40:00,09:52,60.0,51.0,72.0,S,17.0,0.0,29.04,0.0,Fair
CSA-2025-254,Harassment,04/22/2025 08:00,2025-04-22 08:00:00,General Hospital,Referred to University - Other,2025-04-22,08:00,Morning,2025-04-22 08:00:00,07:52,52.0,49.0,89.0,ESE,8.0,0.0,29.05,0.0,Mostly Cloudy
CSA-2025-255,Harassment,Between 04/22/2025 00:00 and 04/22/2025 23:59,2025-04-23 08:00:00,General Hospital,Referred to University - Other,2025-04-23,08:00,Morning,2025-04-23 08:00:00,07:52,57.0,54.0,89.0,NE,14.0,0.0,29.19,0.0,Light Rain
CRM-2025-369,Criminal Mischief,04/21/2025 17:23,2025-04-21 17:23:00,Aspire Building A1 - 102 Hawkeye Court,Inactive,2025-04-21,17:23,Afternoon,2025-04-21 17:23:00,17:52,61.0,44.0,54.0,W,13.0,0.0,29.04,0.0,Fair
CSA-2025-215,Liquor Law Violations,04/21/2025 17:20,2025-04-21 18:30:00,Catlett Residence Hall,Closed - Referred to Office of Student Accountability,2025-04-21,18:30,Evening,2025-04-21 18:30:00,18:52,60.0,45.0,57.0,WSW,8.0,0.0,29.05,0.0,Fair
CRM-2025-368,Motor Vehicle Theft,04/21/2025 15:33,2025-04-21 15:33:00,Hospital Parking Ramp 2,Unfounded,2025-04-21,15:33,Afternoon,2025-04-21 15:33:00,15:52,61.0,44.0,54.0,W,15.0,0.0,29.04,0.0,Partly Cloudy
CRM-2025-367,Criminal Mischief,Between 04/20/2025 18:00 and 04/21/2025 07:00,2025-04-21 09:25:00,Visual Arts Building,Inactive,2025-04-21,09:25,Morning,2025-04-21 09:25:00,09:52,48.0,42.0,80.0,WNW,23.0,30.0,28.98,0.0,Cloudy / Windy
CRM-2025-379,Theft,04/20/2025 16:41,2025-04-25 16:41:00,"225 N Clinton Street, bike rack",Unfounded,2025-04-25,16:41,Afternoon,2025-04-25 16:41:00,16:52,54.0,48.0,80.0,N,14.0,0.0,29.17,0.0,Cloudy
CRM-2025-365,Simple Assault,04/18/2025 13:18,2025-04-18 13:18:00,General Hospital,Inactive,2025-04-18,13:18,Afternoon,2025-04-18 13:18:00,13:25,66.0,60.0,81.0,W,20.0,28.0,28.75,0.0,Cloudy
CRM-2025-366,Theft,04/18/2025 09:45,2025-04-18 09:45:00,Hospital Parking Ramp 2,Inactive,2025-04-18,09:45,Morning,2025-04-18 09:45:00,09:52,69.0,62.0,78.0,SSW,12.0,0.0,28.66,0.0,Cloudy
CSA-2025-207,Liquor Law Violations,04/18/2025 02:10,2025-04-18 03:14:00,Rienow Hall,Closed - Referred to Office of Student Accountability,2025-04-18,03:14,Night,2025-04-18 03:14:00,02:52,66.0,57.0,73.0,S,13.0,0.0,28.62,0.0,Fair
CRM-2025-363,Driving Under the Influence,04/18/2025 02:09,2025-04-18 02:09:00,Byington/Grand,Closed - Suspect Arrested,2025-04-18,02:09,Night,2025-04-18 02:09:00,01:52,63.0,58.0,84.0,S,18.0,32.0,28.64,0.0,Fair
CRM-2025-362,"Falsify Driver's License, Liquor Law Violations",04/18/2025 01:10,2025-04-18 01:10:00,"Adler Journalism and Mass Communication Building, exterior",Closed - Referred to Office of Student Accountability,2025-04-18,01:10,Night,2025-04-18 01:10:00,01:06,66.0,55.0,68.0,S,23.0,41.0,28.62,0.0,Partly Cloudy / Windy
CSA-2025-257,Simple Assault,Between 04/18/2025 00:00 and 04/18/2025 23:59,2025-05-06 08:00:00,Campus Recreation and Wellness Center,Referred to University - Other,2025-05-06,08:00,Morning,2025-05-06 08:00:00,07:52,54.0,50.0,86.0,W,5.0,0.0,29.15,0.0,Fair
CSA-2025-208,Indecent Exposure,04/17/2025 19:00,2025-04-18 00:02:00,Daum Hall,Closed - Referred to Office of Student Accountability,2025-04-18,00:02,Night,2025-04-18 00:02:00,23:52,52.0,50.0,93.0,WNW,6.0,0.0,28.97,0.0,Cloudy
CRM-2025-361,"Criminal Mischief, Theft",Between 04/17/2025 15:17 and 04/17/2025 16:06,2025-04-17 18:04:00,Hubbard Park,Closed - Suspect Arrested,2025-04-17,18:04,Evening,2025-04-17 18:04:00,17:52,64.0,52.0,65.0,SE,20.0,26.0,28.7,0.0,Cloudy
CRM-2025-360,Criminal Mischief,04/17/2025 13:57,2025-04-17 13:57:00,General Hospital,Inactive,2025-04-17,13:57,Afternoon,2025-04-17 13:57:00,13:52,71.0,55.0,57.0,SSE,17.0,32.0,28.78,0.0,Mostly Cloudy
CRM-2025-359,Simple Assault,04/17/2025 11:35,2025-04-17 11:35:00,General Hospital,Inactive,2025-04-17,11:35,Morning,2025-04-17 11:35:00,11:52,63.0,52.0,67.0,SE,20.0,29.0,28.84,0.0,Fair
CSA-2025-253,Harassment,04/17/2025 08:00,2025-04-17 08:00:00,General Hospital,Referred to University - Other,2025-04-17,08:00,Morning,2025-04-17 08:00:00,07:52,53.0,43.0,69.0,ESE,13.0,0.0,28.87,0.0,Partly Cloudy
CRM-2025-370,"Fondling x2, Rape",04/16/2025 16:05,2025-04-16 16:05:00,General Hospital,Unfounded,2025-04-16,16:05,Afternoon,2025-04-16 16:05:00,15:52,68.0,30.0,24.0,SE,18.0,29.0,29.01,0.0,Fair
CRM-2025-357,Criminal Mischief,04/16/2025 13:59,2025-04-16 13:59:00,Main Library,Inactive,2025-04-16,13:59,Afternoon,2025-04-16 13:59:00,13:52,65.0,31.0,28.0,SE,17.0,0.0,29.07,0.0,Fair
CRM-2025-356,Theft,04/16/2025 12:39,2025-04-16 12:39:00,General Hospital,Inactive,2025-04-16,12:39,Afternoon,2025-04-16 12:39:00,12:52,62.0,31.0,31.0,SSE,15.0,24.0,29.1,0.0,Fair
CRM-2025-355,Criminal Mischief,04/16/2025 12:03,2025-04-16 12:03:00,Main Library,Inactive,2025-04-16,12:03,Afternoon,2025-04-16 12:03:00,11:52,58.0,32.0,37.0,SE,15.0,0.0,29.13,0.0,Fair
CRM-2025-353,Liquor Law Violations,04/16/2025 01:31,2025-04-16 01:31:00,Burge Hall,Inactive,2025-04-16,01:31,Night,2025-04-16 01:31:00,01:52,35.0,24.0,64.0,CALM,0.0,0.0,29.15,0.0,Fair
CSA-2025-205,Fondling,04/15/2025 19:15,2025-04-15 20:19:00,East Side Residential Hall,Closed - Referred to Title IX Coordinator,2025-04-15,20:19,Evening,2025-04-15 20:19:00,19:52,53.0,24.0,32.0,NW,13.0,0.0,29.11,0.0,Fair
CRM-2025-354,Simple Assault x4,Between 04/15/2025 13:30 and 04/15/2025 13:35,2025-04-15 13:40:00,General Hospital,Inactive,2025-04-15,13:40,Afternoon,2025-04-15 13:40:00,13:52,57.0,29.0,34.0,NW,26.0,37.0,29.16,0.0,Fair / Windy
CRM-2025-352,Public Intoxication,04/15/2025 02:26,2025-04-15 02:26:00,Currier Hall,Closed - Suspect Arrested,2025-04-15,02:26,Night,2025-04-15 02:26:00,02:52,44.0,33.0,65.0,WNW,30.0,40.0,29.05,0.0,Cloudy / Windy
CSA-2025-218,"Harassment, Stalking",Between 04/15/2025 00:00 and 04/22/2025 21:30,2025-04-22 22:27:00,Catlett Residence Hall,Closed - Referred to Office of Student Accountability,2025-04-22,22:27,Evening,2025-04-22 22:27:00,22:52,58.0,56.0,93.0,SSE,6.0,0.0,29.09,0.0,Partly Cloudy
CRM-2025-351,Simple Assault,Between 04/14/2025 20:25 and 04/14/2025 20:30,2025-04-14 20:38:00,General Hospital,Closed - Suspect Arrested,2025-04-14,20:38,Evening,2025-04-14 20:38:00,20:52,49.0,34.0,56.0,WNW,20.0,32.0,29.02,0.0,Mostly Cloudy
CSA-2025-214,Harassment,04/14/2025 14:03,2025-04-14 14:35:00,General Hospital,Referred to University - Other,2025-04-14,14:35,Afternoon,2025-04-14 14:35:00,14:52,63.0,32.0,31.0,NW,28.0,39.0,28.96,0.0,Partly Cloudy / Windy
CRM-2025-349,Simple Assault,04/14/2025 10:08,2025-04-14 10:08:00,General Hospital,Inactive,2025-04-14,10:08,Morning,2025-04-14 10:08:00,09:52,52.0,37.0,57.0,WNW,25.0,37.0,28.95,0.0,Partly Cloudy / Windy
CSA-2025-217,Harassment,Between 04/14/2025 08:00 and 04/20/2025 23:59,2025-04-23 08:00:00,General Hospital,Referred to University - Other,2025-04-23,08:00,Morning,2025-04-23 08:00:00,07:52,57.0,54.0,89.0,NE,14.0,0.0,29.19,0.0,Light Rain
CRM-2025-350,Theft,Between 04/14/2025 04:50 and 04/14/2025 04:56,2025-04-14 20:07:00,"301 N Clinton Street, bike rack",Inactive,2025-04-14,20:07,Evening,2025-04-14 20:07:00,19:52,52.0,31.0,45.0,W,20.0,26.0,29.0,0.0,Partly Cloudy
CRM-2025-347,Theft,04/13/2025 21:40,2025-04-13 22:54:00,Hawkeye Tennis and Recreation Complex,Inactive,2025-04-13,22:54,Evening,2025-04-13 22:54:00,22:52,58.0,48.0,70.0,W,9.0,0.0,28.74,0.0,Partly Cloudy
CRM-2025-346,Simple Assault,04/13/2025 11:49,2025-04-13 11:49:00,General Hospital,Inactive,2025-04-13,11:49,Morning,2025-04-13 11:49:00,11:52,64.0,46.0,52.0,SE,16.0,0.0,28.74,0.0,Fair
CRM-2025-345,Criminal Mischief,04/13/2025 05:47,2025-04-13 06:07:00,301 N Clinton Street,Inactive,2025-04-13,06:07,Morning,2025-04-13 06:07:00,05:52,50.0,40.0,68.0,SE,15.0,23.0,28.83,0.0,Fair
CSA-2025-202,Liquor Law Violations,04/13/2025 02:30,2025-04-13 03:10:00,Petersen Residence Hall,Closed - Referred to Office of Student Accountability,2025-04-13,03:10,Night,2025-04-13 03:10:00,02:52,52.0,39.0,61.0,SSE,13.0,0.0,28.91,0.0,Fair
CRM-2025-348,"Eluding, Habitual Offender, Liquor Law Violations",04/12/2025 23:14,2025-04-12 23:14:00,100 BLK S CLINTON ST,Closed - Suspect Arrested,2025-04-12,23:14,Evening,2025-04-12 23:14:00,22:52,55.0,38.0,53.0,SSE,10.0,0.0,29.0,0.0,Fair
CSA-2025-201,Liquor Law Violations x3,04/12/2025 21:15,2025-04-12 22:05:00,Petersen Residence Hall,Closed - Referred to Office of Student Accountability,2025-04-12,22:05,Evening,2025-04-12 22:05:00,21:52,58.0,38.0,47.0,S,10.0,0.0,29.01,0.0,Fair
CRM-2025-344,"Criminal Mischief, Theft",04/12/2025 17:23,2025-04-12 17:23:00,304 Grand Avenue,Closed - Suspect Arrested,2025-04-12,17:23,Afternoon,2025-04-12 17:23:00,17:52,65.0,38.0,37.0,SSE,21.0,31.0,28.98,0.0,Fair / Windy
CRM-2025-343,Liquor Law Violations,04/12/2025 01:43,2025-04-12 01:43:00,600 BLK N DUBUQUE ST,Inactive,2025-04-12,01:43,Night,2025-04-12 01:43:00,01:52,37.0,33.0,86.0,CALM,0.0,0.0,29.24,0.0,Fair
CRM-2025-342,Driving Under the Influence,04/12/2025 01:37,2025-04-12 01:37:00,800 BLK N DUBUQUE ST,Closed - Suspect Arrested,2025-04-12,01:37,Night,2025-04-12 01:37:00,01:52,37.0,33.0,86.0,CALM,0.0,0.0,29.24,0.0,Fair
CRM-2025-340,"Stalking, Violation of No Contact Order",04/11/2025 14:16,2025-04-11 14:16:00,General Hospital,Inactive,2025-04-11,14:16,Afternoon,2025-04-11 14:16:00,13:52,57.0,33.0,40.0,NE,8.0,0.0,29.33,0.0,Fair
CRM-2025-339,Simple Assault,Between 04/11/2025 12:58 and 04/11/2025 13:00,2025-04-11 13:39:00,General Hospital,Inactive,2025-04-11,13:39,Afternoon,2025-04-11 13:39:00,13:52,57.0,33.0,40.0,NE,8.0,0.0,29.33,0.0,Fair
CRM-2025-336,Public Intoxication,04/11/2025 03:45,2025-04-11 03:45:00,North Campus Parking Ramp,Closed - Suspect Arrested,2025-04-11,03:45,Night,2025-04-11 03:45:00,03:52,44.0,36.0,73.0,NE,8.0,0.0,29.27,0.0,Cloudy
CRM-2025-337,Liquor Law Violations,04/11/2025 03:08,2025-04-11 03:08:00,Rienow Hall,Closed - Referred to Office of Student Accountability,2025-04-11,03:08,Night,2025-04-11 03:08:00,02:52,44.0,37.0,76.0,NE,10.0,0.0,29.26,0.0,Cloudy
CRM-2025-341,Theft,Between 04/10/2025 15:00 and 04/10/2025 21:30,2025-04-11 16:50:00,Burge Hall,Inactive,2025-04-11,16:50,Afternoon,2025-04-11 16:50:00,16:52,56.0,32.0,40.0,WSW,6.0,0.0,29.28,0.0,Mostly Cloudy
CRM-2025-338,Indecent Exposure,04/10/2025 13:28,2025-04-10 13:28:00,Main Library,Inactive,2025-04-10,13:28,Afternoon,2025-04-10 13:28:00,13:52,60.0,41.0,49.0,N,8.0,23.0,29.09,0.0,Mostly Cloudy
CRM-2025-334,Fondling,Between 04/10/2025 01:00 and 04/10/2025 01:05,2025-04-10 20:44:00,General Hospital,Inactive,2025-04-10,20:44,Evening,2025-04-10 20:44:00,20:52,49.0,40.0,71.0,NE,10.0,0.0,29.2,0.0,Cloudy
CSA-2025-203,Harassment,Between 04/10/2025 00:00 and 04/10/2025 23:59,2025-04-11 08:00:00,Grinnell Dialysis Unit,Closed - Referred to Title IX Coordinator,2025-04-11,08:00,Morning,2025-04-11 08:00:00,07:52,42.0,35.0,76.0,ENE,8.0,0.0,29.35,0.0,Fair
CRM-2025-331,"Harassment, Simple Assault",04/09/2025 18:43,2025-04-09 18:43:00,General Hospital,Inactive,2025-04-09,18:43,Evening,2025-04-09 18:43:00,18:52,54.0,41.0,62.0,ENE,9.0,0.0,28.98,0.0,Fair
CRM-2025-358,Trespass,04/09/2025 16:51,2025-04-09 16:51:00,UI Health Care Medical Center Downtown,Closed - Suspect Issued Criminal Trespass Warning,2025-04-09,16:51,Afternoon,2025-04-09 16:51:00,16:52,61.0,38.0,42.0,NNE,12.0,0.0,28.95,0.0,Fair
CRM-2025-333,Theft,04/09/2025 16:50,2025-04-09 19:12:00,"Biology Building East, bike rack",Inactive,2025-04-09,19:12,Evening,2025-04-09 19:12:00,18:52,54.0,41.0,62.0,ENE,9.0,0.0,28.98,0.0,Fair
CRM-2025-330,Simple Assault,04/09/2025 13:35,2025-04-09 13:35:00,General Hospital,Inactive,2025-04-09,13:35,Afternoon,2025-04-09 13:35:00,13:52,58.0,38.0,47.0,CALM,0.0,0.0,28.93,0.0,Fair
CRM-2025-328,Theft,04/09/2025 10:00,2025-04-09 10:00:00,General Hospital,Inactive,2025-04-09,10:00,Morning,2025-04-09 10:00:00,09:52,50.0,34.0,54.0,SSE,15.0,0.0,28.95,0.0,Fair
CRM-2025-332,Harassment,04/08/2025 16:45,2025-04-08 16:45:00,Iowa Memorial Union,Active - UI Police,2025-04-08,16:45,Afternoon,2025-04-08 16:45:00,16:52,49.0,16.0,27.0,SSE,9.0,0.0,29.14,0.0,Fair
CRM-2025-326,Theft,Between 04/07/2025 20:30 and 04/07/2025 23:34,2025-04-08 12:16:00,Pappajohn Business Building,Inactive,2025-04-08,12:16,Afternoon,2025-04-08 12:16:00,11:52,41.0,12.0,31.0,SW,8.0,0.0,29.26,0.0,Fair
CRM-2025-325,Trespass x5,04/07/2025 17:23,2025-04-07 17:23:00,Art Building,Closed - Suspect Issued Criminal Trespass Warning,2025-04-07,17:23,Afternoon,2025-04-07 17:23:00,17:52,44.0,16.0,32.0,NNE,15.0,24.0,29.13,0.0,Partly Cloudy
CSA-2025-200,Stalking,04/07/2025 16:10,2025-04-07 16:10:00,West Side Residence Hall,Closed - Referred to Title IX Coordinator,2025-04-07,16:10,Afternoon,2025-04-07 16:10:00,15:52,45.0,16.0,31.0,N,17.0,28.0,29.12,0.0,Fair
CRM-2025-324,Simple Assault,04/07/2025 10:34,2025-04-07 10:34:00,General Hospital,Inactive,2025-04-07,10:34,Morning,2025-04-07 10:34:00,10:52,39.0,17.0,41.0,N,22.0,30.0,29.1,0.0,Fair / Windy
CRM-2025-323,Simple Assault x3,04/06/2025 22:31,2025-04-06 22:31:00,General Hospital,Inactive,2025-04-06,22:31,Evening,2025-04-06 22:31:00,22:52,41.0,26.0,55.0,SW,9.0,0.0,29.01,0.0,Fair
CRM-2025-322,"Criminal Mischief, False Reports",Between 04/06/2025 19:30 and 04/06/2025 19:35,2025-04-06 19:58:00,General Hospital,Inactive,2025-04-06,19:58,Evening,2025-04-06 19:58:00,19:52,43.0,24.0,47.0,SW,7.0,0.0,29.06,0.0,Fair
CSA-2025-206,Criminal Mischief,04/06/2025 14:30,2025-04-06 14:30:00,Burge Hall,Closed - Referred to Office of Student Accountability,2025-04-06,14:30,Afternoon,2025-04-06 14:30:00,14:52,53.0,20.0,27.0,NNW,10.0,0.0,29.15,0.0,Fair
CRM-2025-321,Liquor Law Violations,04/06/2025 02:01,2025-04-06 02:01:00,200 BLK S DUBUQUE ST,Closed - Referred to Office of Student Accountability,2025-04-06,02:01,Night,2025-04-06 02:01:00,01:52,32.0,21.0,64.0,NNW,8.0,0.0,29.27,0.0,Fair
CRM-2025-320,Liquor Law Violations,04/06/2025 01:28,2025-04-06 01:28:00,Burge Hall,Closed - Referred to Office of Student Accountability,2025-04-06,01:28,Night,2025-04-06 01:28:00,01:52,32.0,21.0,64.0,NNW,8.0,0.0,29.27,0.0,Fair
CRM-2025-319,Simple Assault,Between 04/05/2025 21:00 and 04/05/2025 21:05,2025-04-05 21:26:00,General Hospital,Inactive,2025-04-05,21:26,Evening,2025-04-05 21:26:00,00:52,45.0,38.0,76.0,NNW,9.0,0.0,29.18,0.0,Cloudy
CRM-2025-318,Simple Assault,Between 04/05/2025 13:30 and 04/05/2025 15:35,2025-04-05 13:51:00,General Hospital,Inactive,2025-04-05,13:51,Afternoon,2025-04-05 13:51:00,07:28,39.0,35.0,86.0,NNW,20.0,26.0,29.23,0.0,Mostly Cloudy
CRM-2025-312,Criminal Mischief,04/05/2025 05:30,2025-04-05 05:48:00,General Hospital,Inactive,2025-04-05,05:48,Night,2025-04-05 05:48:00,05:52,41.0,37.0,86.0,NNW,14.0,0.0,29.17,0.0,Fair
CRM-2025-317,Criminal Mischief,04/05/2025 02:35,2025-04-05 02:35:00,"Art Building, exterior",Closed - Referred to Office of Student Accountability,2025-04-05,02:35,Night,2025-04-05 02:35:00,01:52,45.0,38.0,76.0,NNW,10.0,0.0,29.17,0.0,Cloudy
CRM-2025-315,Drug/Narcotic Violation,04/05/2025 01:14,2025-04-05 01:14:00,100 BLK W BURLINGTON ST,Inactive,2025-04-05,01:14,Night,2025-04-05 01:14:00,00:52,45.0,38.0,76.0,NNW,9.0,0.0,29.18,0.0,Cloudy
CRM-2025-314,Liquor Law Violations,04/05/2025 00:33,2025-04-05 00:33:00,100 BLK N CLINTON ST,Closed - Referred to Office of Student Accountability,2025-04-05,00:33,Night,2025-04-05 00:33:00,00:52,45.0,38.0,76.0,NNW,9.0,0.0,29.18,0.0,Cloudy
CRM-2025-313,Liquor Law Violations,04/05/2025 00:14,2025-04-05 00:14:00,Pentacrest,Closed - Referred to Office of Student Accountability,2025-04-05,00:14,Night,2025-04-05 00:14:00,23:52,,,,,,,,,
CRM-2025-310,Simple Assault,04/04/2025 20:33,2025-04-04 20:33:00,General Hospital,Inactive,2025-04-04,20:33,Evening,2025-04-04 20:33:00,20:52,47.0,38.0,71.0,NNE,12.0,0.0,29.16,0.0,Cloudy
CRM-2025-309,Simple Assault,04/04/2025 20:10,2025-04-04 20:27:00,General Hospital,Inactive,2025-04-04,20:27,Evening,2025-04-04 20:27:00,20:52,47.0,38.0,71.0,NNE,12.0,0.0,29.16,0.0,Cloudy
CRM-2025-308,Simple Assault,04/04/2025 20:05,2025-04-04 20:05:00,General Hospital,Inactive,2025-04-04,20:05,Evening,2025-04-04 20:05:00,19:52,47.0,39.0,74.0,NNE,12.0,0.0,29.17,0.0,Cloudy
CRM-2025-307,Simple Assault,04/04/2025 14:50,2025-04-04 14:56:00,General Hospital,Inactive,2025-04-04,14:56,Afternoon,2025-04-04 14:56:00,14:52,47.0,39.0,74.0,ESE,9.0,0.0,29.3,0.0,Light Rain
CRM-2025-306,Simple Assault,04/04/2025 14:00,2025-04-04 14:02:00,General Hospital,Inactive,2025-04-04,14:02,Afternoon,2025-04-04 14:02:00,13:52,48.0,36.0,63.0,ENE,9.0,0.0,29.27,0.0,Cloudy
CRM-2025-311,Simple Assault,04/04/2025 13:45,2025-04-04 20:35:00,General Hospital,Inactive,2025-04-04,20:35,Evening,2025-04-04 20:35:00,20:52,47.0,38.0,71.0,NNE,12.0,0.0,29.16,0.0,Cloudy
CRM-2025-305,Simple Assault,04/04/2025 09:05,2025-04-04 09:14:00,General Hospital,Inactive,2025-04-04,09:14,Morning,2025-04-04 09:14:00,08:52,40.0,34.0,79.0,E,9.0,0.0,29.31,0.0,Fair
CRM-2025-302,Drug/Narcotic Violation,04/04/2025 03:50,2025-04-04 03:50:00,UI Health Care Medical Center Downtown,Inactive,2025-04-04,03:50,Night,2025-04-04 03:50:00,03:52,37.0,32.0,82.0,NE,9.0,0.0,29.27,0.0,Fair
CRM-2025-301,Liquor Law Violations,04/03/2025 23:13,2025-04-03 23:13:00,Slater Hall,Closed - Referred to Office of Student Accountability,2025-04-03,23:13,Evening,2025-04-03 23:13:00,22:52,42.0,34.0,73.0,NNE,7.0,0.0,29.22,0.0,Fair
CRM-2025-335,Motor Vehicle Theft,Between 04/03/2025 15:30 and 04/10/2025 21:24,2025-04-10 21:24:00,"Anne Cleary Walkway, bike rack",Inactive,2025-04-10,21:24,Evening,2025-04-10 21:24:00,21:30,48.0,40.0,74.0,NE,10.0,0.0,29.21,0.0,Cloudy
CRM-2025-304,"Harassment, Stalking",04/03/2025 15:19,2025-04-03 15:19:00,UI Health Care Medical Center Downtown,Inactive,2025-04-03,15:19,Afternoon,2025-04-03 15:19:00,14:52,51.0,34.0,52.0,VAR,6.0,0.0,29.13,0.0,Fair
CRM-2025-300,Simple Assault,04/03/2025 14:36,2025-04-03 14:36:00,General Hospital,Inactive,2025-04-03,14:36,Afternoon,2025-04-03 14:36:00,14:52,51.0,34.0,52.0,VAR,6.0,0.0,29.13,0.0,Fair
CRM-2025-299,Theft,04/03/2025 07:30,2025-04-03 11:49:00,"800 BLK W NEWTON RD, Cambus",Inactive,2025-04-03,11:49,Morning,2025-04-03 11:49:00,11:52,46.0,32.0,58.0,WNW,16.0,0.0,29.13,0.0,Partly Cloudy
CRM-2025-297,Public Intoxication,04/03/2025 02:03,2025-04-03 02:03:00,"Catlett Residence Hall, ent",Inactive,2025-04-03,02:03,Night,2025-04-03 02:03:00,01:52,42.0,35.0,76.0,W,10.0,0.0,28.8,0.0,Fair
CRM-2025-298,Public Intoxication,04/03/2025 01:09,2025-04-03 01:09:00,100 BLK E COURT ST,Inactive,2025-04-03,01:09,Night,2025-04-03 01:09:00,00:52,46.0,39.0,76.0,WNW,15.0,0.0,28.77,0.0,Cloudy
CSA-2025-204,Harassment,Between 04/03/2025 00:00 and 04/03/2025 23:59,2025-04-04 08:00:00,General Hospital,Referred to University - Other,2025-04-04,08:00,Morning,2025-04-04 08:00:00,07:52,38.0,33.0,83.0,E,7.0,0.0,29.33,0.0,Fair
CRM-2025-296,Simple Assault,Between 04/02/2025 17:24 and 04/02/2025 17:35,2025-04-02 17:49:00,General Hospital,Inactive,2025-04-02,17:49,Afternoon,2025-04-02 17:49:00,17:52,64.0,49.0,58.0,W,28.0,41.0,28.47,0.0,Fair / Windy
CRM-2025-294,Simple Assault,04/02/2025 07:18,2025-04-02 07:18:00,UI Health Care Medical Center Downtown,Inactive,2025-04-02,07:18,Morning,2025-04-02 07:18:00,07:19,45.0,44.0,97.0,E,15.0,25.0,28.53,0.0,Light Rain
CSA-2025-199,Harassment,04/01/2025 18:59,2025-04-01 18:59:00,Petersen Residence Hall,Closed - Referred to Office of Student Accountability,2025-04-01,18:59,Evening,2025-04-01 18:59:00,18:52,44.0,26.0,49.0,E,26.0,37.0,28.82,0.0,Cloudy / Windy
CRM-2025-291,Theft,Between 04/01/2025 11:13 and 04/01/2025 12:14,2025-04-01 12:33:00,Campus Recreation and Wellness Center,Inactive,2025-04-01,12:33,Afternoon,2025-04-01 12:33:00,12:52,44.0,31.0,60.0,SE,18.0,28.0,29.07,0.0,Cloudy
CRM-2025-292,Criminal Mischief,Between 04/01/2025 08:00 and 04/01/2025 14:32,2025-04-01 14:59:00,Hubbard Park,Closed - Suspect Arrested,2025-04-01,14:59,Afternoon,2025-04-01 14:59:00,14:52,45.0,31.0,58.0,ESE,22.0,33.0,28.98,0.0,Cloudy / Windy
